2026-01-05T11:49:44.279+05:30  INFO 18696 --- [market-search-service] [restartedMain] [                                                 ] c.m.m.MarketSearchServiceApplication     : Starting MarketSearchServiceApplication using Java 17.0.12 with PID 18696 (C:\Users\Ashley.Samuel\OneDrive - Apexon\Documents\market-research\stock-market-platform-v2\git\market-search-service\target\classes started by Ashley.Samuel in C:\Users\Ashley.Samuel\OneDrive - Apexon\Documents\market-research\stock-market-platform-v2\git)
2026-01-05T11:49:44.294+05:30  INFO 18696 --- [market-search-service] [restartedMain] [                                                 ] c.m.m.MarketSearchServiceApplication     : The following 1 profile is active: "local"
2026-01-05T11:49:44.459+05:30  INFO 18696 --- [market-search-service] [restartedMain] [                                                 ] .e.DevToolsPropertyDefaultsPostProcessor : Devtools property defaults active! Set 'spring.devtools.add-properties' to 'false' to disable
2026-01-05T11:49:44.463+05:30  INFO 18696 --- [market-search-service] [restartedMain] [                                                 ] .e.DevToolsPropertyDefaultsPostProcessor : For additional web related logging consider setting the 'logging.level.web' property to 'DEBUG'
2026-01-05T11:49:46.810+05:30  INFO 18696 --- [market-search-service] [restartedMain] [                                                 ] .s.d.r.c.RepositoryConfigurationDelegate : Multiple Spring Data modules found, entering strict repository configuration mode
2026-01-05T11:49:46.815+05:30  INFO 18696 --- [market-search-service] [restartedMain] [                                                 ] .s.d.r.c.RepositoryConfigurationDelegate : Bootstrapping Spring Data JPA repositories in DEFAULT mode.
2026-01-05T11:49:47.120+05:30  INFO 18696 --- [market-search-service] [restartedMain] [                                                 ] .s.d.r.c.RepositoryConfigurationDelegate : Finished Spring Data repository scanning in 289 ms. Found 2 JPA repository interfaces.
2026-01-05T11:49:47.162+05:30  INFO 18696 --- [market-search-service] [restartedMain] [                                                 ] .s.d.r.c.RepositoryConfigurationDelegate : Multiple Spring Data modules found, entering strict repository configuration mode
2026-01-05T11:49:47.164+05:30  INFO 18696 --- [market-search-service] [restartedMain] [                                                 ] .s.d.r.c.RepositoryConfigurationDelegate : Bootstrapping Spring Data Redis repositories in DEFAULT mode.
2026-01-05T11:49:47.197+05:30  INFO 18696 --- [market-search-service] [restartedMain] [                                                 ] .RepositoryConfigurationExtensionSupport : Spring Data Redis - Could not safely identify store assignment for repository candidate interface com.market.marketsearchservice.repository.StockMetaRepository; If you want this repository to be a Redis repository, consider annotating your entities with one of these annotations: org.springframework.data.redis.core.RedisHash (preferred), or consider extending one of the following types with your repository: org.springframework.data.keyvalue.repository.KeyValueRepository
2026-01-05T11:49:47.199+05:30  INFO 18696 --- [market-search-service] [restartedMain] [                                                 ] .RepositoryConfigurationExtensionSupport : Spring Data Redis - Could not safely identify store assignment for repository candidate interface com.market.marketsearchservice.repository.StockSymbolRepository; If you want this repository to be a Redis repository, consider annotating your entities with one of these annotations: org.springframework.data.redis.core.RedisHash (preferred), or consider extending one of the following types with your repository: org.springframework.data.keyvalue.repository.KeyValueRepository
2026-01-05T11:49:47.199+05:30  INFO 18696 --- [market-search-service] [restartedMain] [                                                 ] .s.d.r.c.RepositoryConfigurationDelegate : Finished Spring Data repository scanning in 14 ms. Found 0 Redis repository interfaces.
2026-01-05T11:49:48.099+05:30  INFO 18696 --- [market-search-service] [restartedMain] [                                                 ] o.s.cloud.context.scope.GenericScope     : BeanFactory id=b82f3aee-facf-399f-80a8-51fa974ca13f
2026-01-05T11:49:50.657+05:30  INFO 18696 --- [market-search-service] [restartedMain] [                                                 ] o.s.b.w.embedded.tomcat.TomcatWebServer  : Tomcat initialized with port 8090 (http)
2026-01-05T11:49:50.684+05:30  INFO 18696 --- [market-search-service] [restartedMain] [                                                 ] o.apache.catalina.core.StandardService   : Starting service [Tomcat]
2026-01-05T11:49:50.684+05:30  INFO 18696 --- [market-search-service] [restartedMain] [                                                 ] o.apache.catalina.core.StandardEngine    : Starting Servlet engine: [Apache Tomcat/10.1.33]
2026-01-05T11:49:50.959+05:30  INFO 18696 --- [market-search-service] [restartedMain] [                                                 ] o.a.c.c.C.[Tomcat].[localhost].[/]       : Initializing Spring embedded WebApplicationContext
2026-01-05T11:49:50.959+05:30  INFO 18696 --- [market-search-service] [restartedMain] [                                                 ] w.s.c.ServletWebServerApplicationContext : Root WebApplicationContext: initialization completed in 6495 ms
2026-01-05T11:49:53.365+05:30  INFO 18696 --- [market-search-service] [restartedMain] [                                                 ] com.zaxxer.hikari.HikariDataSource       : HikariPool-1 - Starting...
2026-01-05T11:49:54.931+05:30 ERROR 18696 --- [market-search-service] [restartedMain] [                                                 ] com.zaxxer.hikari.pool.HikariPool        : HikariPool-1 - Exception during pool initialization.

org.postgresql.util.PSQLException: FATAL: password authentication failed for user "postgres"
	at org.postgresql.core.v3.ConnectionFactoryImpl.doAuthentication(ConnectionFactoryImpl.java:704) ~[postgresql-42.7.5.jar:42.7.5]
	at org.postgresql.core.v3.ConnectionFactoryImpl.tryConnect(ConnectionFactoryImpl.java:213) ~[postgresql-42.7.5.jar:42.7.5]
	at org.postgresql.core.v3.ConnectionFactoryImpl.openConnectionImpl(ConnectionFactoryImpl.java:268) ~[postgresql-42.7.5.jar:42.7.5]
	at org.postgresql.core.ConnectionFactory.openConnection(ConnectionFactory.java:54) ~[postgresql-42.7.5.jar:42.7.5]
	at org.postgresql.jdbc.PgConnection.<init>(PgConnection.java:273) ~[postgresql-42.7.5.jar:42.7.5]
	at org.postgresql.Driver.makeConnection(Driver.java:446) ~[postgresql-42.7.5.jar:42.7.5]
	at org.postgresql.Driver.connect(Driver.java:298) ~[postgresql-42.7.5.jar:42.7.5]
	at com.zaxxer.hikari.util.DriverDataSource.getConnection(DriverDataSource.java:138) ~[HikariCP-5.0.1.jar:na]
	at com.zaxxer.hikari.pool.PoolBase.newConnection(PoolBase.java:359) ~[HikariCP-5.0.1.jar:na]
	at com.zaxxer.hikari.pool.PoolBase.newPoolEntry(PoolBase.java:201) ~[HikariCP-5.0.1.jar:na]
	at com.zaxxer.hikari.pool.HikariPool.createPoolEntry(HikariPool.java:470) ~[HikariCP-5.0.1.jar:na]
	at com.zaxxer.hikari.pool.HikariPool.checkFailFast(HikariPool.java:561) ~[HikariCP-5.0.1.jar:na]
	at com.zaxxer.hikari.pool.HikariPool.<init>(HikariPool.java:100) ~[HikariCP-5.0.1.jar:na]
	at com.zaxxer.hikari.HikariDataSource.getConnection(HikariDataSource.java:112) ~[HikariCP-5.0.1.jar:na]
	at org.springframework.boot.autoconfigure.h2.H2ConsoleAutoConfiguration.getConnectionUrl(H2ConsoleAutoConfiguration.java:94) ~[spring-boot-autoconfigure-3.2.12.jar:3.2.12]
	at java.base/java.util.stream.ReferencePipeline$3$1.accept(ReferencePipeline.java:197) ~[na:na]
	at java.base/java.util.ArrayList.forEach(ArrayList.java:1511) ~[na:na]
	at java.base/java.util.stream.SortedOps$RefSortingSink.end(SortedOps.java:395) ~[na:na]
	at java.base/java.util.stream.Sink$ChainedReference.end(Sink.java:258) ~[na:na]
	at java.base/java.util.stream.Sink$ChainedReference.end(Sink.java:258) ~[na:na]
	at java.base/java.util.stream.AbstractPipeline.copyInto(AbstractPipeline.java:510) ~[na:na]
	at java.base/java.util.stream.AbstractPipeline.wrapAndCopyInto(AbstractPipeline.java:499) ~[na:na]
	at java.base/java.util.stream.AbstractPipeline.evaluate(AbstractPipeline.java:575) ~[na:na]
	at java.base/java.util.stream.AbstractPipeline.evaluateToArrayNode(AbstractPipeline.java:260) ~[na:na]
	at java.base/java.util.stream.ReferencePipeline.toArray(ReferencePipeline.java:616) ~[na:na]
	at java.base/java.util.stream.ReferencePipeline.toArray(ReferencePipeline.java:622) ~[na:na]
	at java.base/java.util.stream.ReferencePipeline.toList(ReferencePipeline.java:627) ~[na:na]
	at org.springframework.boot.autoconfigure.h2.H2ConsoleAutoConfiguration.logDataSources(H2ConsoleAutoConfiguration.java:86) ~[spring-boot-autoconfigure-3.2.12.jar:3.2.12]
	at org.springframework.boot.autoconfigure.h2.H2ConsoleAutoConfiguration.lambda$h2Console$0(H2ConsoleAutoConfiguration.java:69) ~[spring-boot-autoconfigure-3.2.12.jar:3.2.12]
	at org.springframework.boot.autoconfigure.h2.H2ConsoleAutoConfiguration.withThreadContextClassLoader(H2ConsoleAutoConfiguration.java:78) ~[spring-boot-autoconfigure-3.2.12.jar:3.2.12]
	at org.springframework.boot.autoconfigure.h2.H2ConsoleAutoConfiguration.h2Console(H2ConsoleAutoConfiguration.java:69) ~[spring-boot-autoconfigure-3.2.12.jar:3.2.12]
	at java.base/jdk.internal.reflect.NativeMethodAccessorImpl.invoke0(Native Method) ~[na:na]
	at java.base/jdk.internal.reflect.NativeMethodAccessorImpl.invoke(NativeMethodAccessorImpl.java:77) ~[na:na]
	at java.base/jdk.internal.reflect.DelegatingMethodAccessorImpl.invoke(DelegatingMethodAccessorImpl.java:43) ~[na:na]
	at java.base/java.lang.reflect.Method.invoke(Method.java:568) ~[na:na]
	at org.springframework.beans.factory.support.SimpleInstantiationStrategy.instantiate(SimpleInstantiationStrategy.java:146) ~[spring-beans-6.1.15.jar:6.1.15]
	at org.springframework.beans.factory.support.ConstructorResolver.instantiate(ConstructorResolver.java:644) ~[spring-beans-6.1.15.jar:6.1.15]
	at org.springframework.beans.factory.support.ConstructorResolver.instantiateUsingFactoryMethod(ConstructorResolver.java:636) ~[spring-beans-6.1.15.jar:6.1.15]
	at org.springframework.beans.factory.support.AbstractAutowireCapableBeanFactory.instantiateUsingFactoryMethod(AbstractAutowireCapableBeanFactory.java:1355) ~[spring-beans-6.1.15.jar:6.1.15]
	at org.springframework.beans.factory.support.AbstractAutowireCapableBeanFactory.createBeanInstance(AbstractAutowireCapableBeanFactory.java:1185) ~[spring-beans-6.1.15.jar:6.1.15]
	at org.springframework.beans.factory.support.AbstractAutowireCapableBeanFactory.doCreateBean(AbstractAutowireCapableBeanFactory.java:562) ~[spring-beans-6.1.15.jar:6.1.15]
	at org.springframework.beans.factory.support.AbstractAutowireCapableBeanFactory.createBean(AbstractAutowireCapableBeanFactory.java:522) ~[spring-beans-6.1.15.jar:6.1.15]
	at org.springframework.beans.factory.support.AbstractBeanFactory.lambda$doGetBean$0(AbstractBeanFactory.java:337) ~[spring-beans-6.1.15.jar:6.1.15]
	at org.springframework.beans.factory.support.DefaultSingletonBeanRegistry.getSingleton(DefaultSingletonBeanRegistry.java:234) ~[spring-beans-6.1.15.jar:6.1.15]
	at org.springframework.beans.factory.support.AbstractBeanFactory.doGetBean(AbstractBeanFactory.java:335) ~[spring-beans-6.1.15.jar:6.1.15]
	at org.springframework.beans.factory.support.AbstractBeanFactory.getBean(AbstractBeanFactory.java:205) ~[spring-beans-6.1.15.jar:6.1.15]
	at org.springframework.boot.web.servlet.ServletContextInitializerBeans.getOrderedBeansOfType(ServletContextInitializerBeans.java:210) ~[spring-boot-3.2.12.jar:3.2.12]
	at org.springframework.boot.web.servlet.ServletContextInitializerBeans.getOrderedBeansOfType(ServletContextInitializerBeans.java:201) ~[spring-boot-3.2.12.jar:3.2.12]
	at org.springframework.boot.web.servlet.ServletContextInitializerBeans.addServletContextInitializerBeans(ServletContextInitializerBeans.java:96) ~[spring-boot-3.2.12.jar:3.2.12]
	at org.springframework.boot.web.servlet.ServletContextInitializerBeans.<init>(ServletContextInitializerBeans.java:85) ~[spring-boot-3.2.12.jar:3.2.12]
	at org.springframework.boot.web.servlet.context.ServletWebServerApplicationContext.getServletContextInitializerBeans(ServletWebServerApplicationContext.java:266) ~[spring-boot-3.2.12.jar:3.2.12]
	at org.springframework.boot.web.servlet.context.ServletWebServerApplicationContext.selfInitialize(ServletWebServerApplicationContext.java:240) ~[spring-boot-3.2.12.jar:3.2.12]
	at org.springframework.boot.web.embedded.tomcat.TomcatStarter.onStartup(TomcatStarter.java:52) ~[spring-boot-3.2.12.jar:3.2.12]
	at org.apache.catalina.core.StandardContext.startInternal(StandardContext.java:4426) ~[tomcat-embed-core-10.1.33.jar:10.1.33]
	at org.apache.catalina.util.LifecycleBase.start(LifecycleBase.java:164) ~[tomcat-embed-core-10.1.33.jar:10.1.33]
	at org.apache.catalina.core.ContainerBase$StartChild.call(ContainerBase.java:1203) ~[tomcat-embed-core-10.1.33.jar:10.1.33]
	at org.apache.catalina.core.ContainerBase$StartChild.call(ContainerBase.java:1193) ~[tomcat-embed-core-10.1.33.jar:10.1.33]
	at java.base/java.util.concurrent.FutureTask.run(FutureTask.java:264) ~[na:na]
	at org.apache.tomcat.util.threads.InlineExecutorService.execute(InlineExecutorService.java:75) ~[tomcat-embed-core-10.1.33.jar:10.1.33]
	at java.base/java.util.concurrent.AbstractExecutorService.submit(AbstractExecutorService.java:145) ~[na:na]
	at org.apache.catalina.core.ContainerBase.startInternal(ContainerBase.java:749) ~[tomcat-embed-core-10.1.33.jar:10.1.33]
	at org.apache.catalina.core.StandardHost.startInternal(StandardHost.java:772) ~[tomcat-embed-core-10.1.33.jar:10.1.33]
	at org.apache.catalina.util.LifecycleBase.start(LifecycleBase.java:164) ~[tomcat-embed-core-10.1.33.jar:10.1.33]
	at org.apache.catalina.core.ContainerBase$StartChild.call(ContainerBase.java:1203) ~[tomcat-embed-core-10.1.33.jar:10.1.33]
	at org.apache.catalina.core.ContainerBase$StartChild.call(ContainerBase.java:1193) ~[tomcat-embed-core-10.1.33.jar:10.1.33]
	at java.base/java.util.concurrent.FutureTask.run(FutureTask.java:264) ~[na:na]
	at org.apache.tomcat.util.threads.InlineExecutorService.execute(InlineExecutorService.java:75) ~[tomcat-embed-core-10.1.33.jar:10.1.33]
	at java.base/java.util.concurrent.AbstractExecutorService.submit(AbstractExecutorService.java:145) ~[na:na]
	at org.apache.catalina.core.ContainerBase.startInternal(ContainerBase.java:749) ~[tomcat-embed-core-10.1.33.jar:10.1.33]
	at org.apache.catalina.core.StandardEngine.startInternal(StandardEngine.java:203) ~[tomcat-embed-core-10.1.33.jar:10.1.33]
	at org.apache.catalina.util.LifecycleBase.start(LifecycleBase.java:164) ~[tomcat-embed-core-10.1.33.jar:10.1.33]
	at org.apache.catalina.core.StandardService.startInternal(StandardService.java:415) ~[tomcat-embed-core-10.1.33.jar:10.1.33]
	at org.apache.catalina.util.LifecycleBase.start(LifecycleBase.java:164) ~[tomcat-embed-core-10.1.33.jar:10.1.33]
	at org.apache.catalina.core.StandardServer.startInternal(StandardServer.java:870) ~[tomcat-embed-core-10.1.33.jar:10.1.33]
	at org.apache.catalina.util.LifecycleBase.start(LifecycleBase.java:164) ~[tomcat-embed-core-10.1.33.jar:10.1.33]
	at org.apache.catalina.startup.Tomcat.start(Tomcat.java:437) ~[tomcat-embed-core-10.1.33.jar:10.1.33]
	at org.springframework.boot.web.embedded.tomcat.TomcatWebServer.initialize(TomcatWebServer.java:126) ~[spring-boot-3.2.12.jar:3.2.12]
	at org.springframework.boot.web.embedded.tomcat.TomcatWebServer.<init>(TomcatWebServer.java:105) ~[spring-boot-3.2.12.jar:3.2.12]
	at org.springframework.boot.web.embedded.tomcat.TomcatServletWebServerFactory.getTomcatWebServer(TomcatServletWebServerFactory.java:499) ~[spring-boot-3.2.12.jar:3.2.12]
	at org.springframework.boot.web.embedded.tomcat.TomcatServletWebServerFactory.getWebServer(TomcatServletWebServerFactory.java:218) ~[spring-boot-3.2.12.jar:3.2.12]
	at org.springframework.boot.web.servlet.context.ServletWebServerApplicationContext.createWebServer(ServletWebServerApplicationContext.java:188) ~[spring-boot-3.2.12.jar:3.2.12]
	at org.springframework.boot.web.servlet.context.ServletWebServerApplicationContext.onRefresh(ServletWebServerApplicationContext.java:162) ~[spring-boot-3.2.12.jar:3.2.12]
	at org.springframework.context.support.AbstractApplicationContext.refresh(AbstractApplicationContext.java:619) ~[spring-context-6.1.15.jar:6.1.15]
	at org.springframework.boot.web.servlet.context.ServletWebServerApplicationContext.refresh(ServletWebServerApplicationContext.java:146) ~[spring-boot-3.2.12.jar:3.2.12]
	at org.springframework.boot.SpringApplication.refresh(SpringApplication.java:754) ~[spring-boot-3.2.12.jar:3.2.12]
	at org.springframework.boot.SpringApplication.refreshContext(SpringApplication.java:456) ~[spring-boot-3.2.12.jar:3.2.12]
	at org.springframework.boot.SpringApplication.run(SpringApplication.java:335) ~[spring-boot-3.2.12.jar:3.2.12]
	at org.springframework.boot.SpringApplication.run(SpringApplication.java:1363) ~[spring-boot-3.2.12.jar:3.2.12]
	at org.springframework.boot.SpringApplication.run(SpringApplication.java:1352) ~[spring-boot-3.2.12.jar:3.2.12]
	at com.market.marketsearchservice.MarketSearchServiceApplication.main(MarketSearchServiceApplication.java:21) ~[classes/:na]
	at java.base/jdk.internal.reflect.NativeMethodAccessorImpl.invoke0(Native Method) ~[na:na]
	at java.base/jdk.internal.reflect.NativeMethodAccessorImpl.invoke(NativeMethodAccessorImpl.java:77) ~[na:na]
	at java.base/jdk.internal.reflect.DelegatingMethodAccessorImpl.invoke(DelegatingMethodAccessorImpl.java:43) ~[na:na]
	at java.base/java.lang.reflect.Method.invoke(Method.java:568) ~[na:na]
	at org.springframework.boot.devtools.restart.RestartLauncher.run(RestartLauncher.java:50) ~[spring-boot-devtools-3.2.12.jar:3.2.12]

2026-01-05T11:49:56.711+05:30  INFO 18696 --- [market-search-service] [restartedMain] [                                                 ] o.hibernate.jpa.internal.util.LogHelper  : HHH000204: Processing PersistenceUnitInfo [name: default]
2026-01-05T11:49:56.879+05:30  INFO 18696 --- [market-search-service] [restartedMain] [                                                 ] org.hibernate.Version                    : HHH000412: Hibernate ORM core version 6.4.10.Final
2026-01-05T11:49:56.964+05:30  INFO 18696 --- [market-search-service] [restartedMain] [                                                 ] o.h.c.internal.RegionFactoryInitiator    : HHH000026: Second-level cache disabled
2026-01-05T11:49:57.559+05:30  INFO 18696 --- [market-search-service] [restartedMain] [                                                 ] o.s.o.j.p.SpringPersistenceUnitInfo      : No LoadTimeWeaver setup: ignoring JPA class transformer
2026-01-05T11:49:57.615+05:30  INFO 18696 --- [market-search-service] [restartedMain] [                                                 ] com.zaxxer.hikari.HikariDataSource       : HikariPool-1 - Starting...
2026-01-05T11:49:58.706+05:30 ERROR 18696 --- [market-search-service] [restartedMain] [                                                 ] com.zaxxer.hikari.pool.HikariPool        : HikariPool-1 - Exception during pool initialization.

org.postgresql.util.PSQLException: FATAL: password authentication failed for user "postgres"
	at org.postgresql.core.v3.ConnectionFactoryImpl.doAuthentication(ConnectionFactoryImpl.java:704) ~[postgresql-42.7.5.jar:42.7.5]
	at org.postgresql.core.v3.ConnectionFactoryImpl.tryConnect(ConnectionFactoryImpl.java:213) ~[postgresql-42.7.5.jar:42.7.5]
	at org.postgresql.core.v3.ConnectionFactoryImpl.openConnectionImpl(ConnectionFactoryImpl.java:268) ~[postgresql-42.7.5.jar:42.7.5]
	at org.postgresql.core.ConnectionFactory.openConnection(ConnectionFactory.java:54) ~[postgresql-42.7.5.jar:42.7.5]
	at org.postgresql.jdbc.PgConnection.<init>(PgConnection.java:273) ~[postgresql-42.7.5.jar:42.7.5]
	at org.postgresql.Driver.makeConnection(Driver.java:446) ~[postgresql-42.7.5.jar:42.7.5]
	at org.postgresql.Driver.connect(Driver.java:298) ~[postgresql-42.7.5.jar:42.7.5]
	at com.zaxxer.hikari.util.DriverDataSource.getConnection(DriverDataSource.java:138) ~[HikariCP-5.0.1.jar:na]
	at com.zaxxer.hikari.pool.PoolBase.newConnection(PoolBase.java:359) ~[HikariCP-5.0.1.jar:na]
	at com.zaxxer.hikari.pool.PoolBase.newPoolEntry(PoolBase.java:201) ~[HikariCP-5.0.1.jar:na]
	at com.zaxxer.hikari.pool.HikariPool.createPoolEntry(HikariPool.java:470) ~[HikariCP-5.0.1.jar:na]
	at com.zaxxer.hikari.pool.HikariPool.checkFailFast(HikariPool.java:561) ~[HikariCP-5.0.1.jar:na]
	at com.zaxxer.hikari.pool.HikariPool.<init>(HikariPool.java:100) ~[HikariCP-5.0.1.jar:na]
	at com.zaxxer.hikari.HikariDataSource.getConnection(HikariDataSource.java:112) ~[HikariCP-5.0.1.jar:na]
	at org.hibernate.engine.jdbc.connections.internal.DatasourceConnectionProviderImpl.getConnection(DatasourceConnectionProviderImpl.java:122) ~[hibernate-core-6.4.10.Final.jar:6.4.10.Final]
	at org.hibernate.engine.jdbc.env.internal.JdbcEnvironmentInitiator$ConnectionProviderJdbcConnectionAccess.obtainConnection(JdbcEnvironmentInitiator.java:428) ~[hibernate-core-6.4.10.Final.jar:6.4.10.Final]
	at org.hibernate.resource.transaction.backend.jdbc.internal.JdbcIsolationDelegate.delegateWork(JdbcIsolationDelegate.java:61) ~[hibernate-core-6.4.10.Final.jar:6.4.10.Final]
	at org.hibernate.engine.jdbc.env.internal.JdbcEnvironmentInitiator.getJdbcEnvironmentUsingJdbcMetadata(JdbcEnvironmentInitiator.java:276) ~[hibernate-core-6.4.10.Final.jar:6.4.10.Final]
	at org.hibernate.engine.jdbc.env.internal.JdbcEnvironmentInitiator.initiateService(JdbcEnvironmentInitiator.java:107) ~[hibernate-core-6.4.10.Final.jar:6.4.10.Final]
	at org.hibernate.engine.jdbc.env.internal.JdbcEnvironmentInitiator.initiateService(JdbcEnvironmentInitiator.java:68) ~[hibernate-core-6.4.10.Final.jar:6.4.10.Final]
	at org.hibernate.boot.registry.internal.StandardServiceRegistryImpl.initiateService(StandardServiceRegistryImpl.java:130) ~[hibernate-core-6.4.10.Final.jar:6.4.10.Final]
	at org.hibernate.service.internal.AbstractServiceRegistryImpl.createService(AbstractServiceRegistryImpl.java:263) ~[hibernate-core-6.4.10.Final.jar:6.4.10.Final]
	at org.hibernate.service.internal.AbstractServiceRegistryImpl.initializeService(AbstractServiceRegistryImpl.java:238) ~[hibernate-core-6.4.10.Final.jar:6.4.10.Final]
	at org.hibernate.service.internal.AbstractServiceRegistryImpl.getService(AbstractServiceRegistryImpl.java:215) ~[hibernate-core-6.4.10.Final.jar:6.4.10.Final]
	at org.hibernate.boot.model.relational.Database.<init>(Database.java:45) ~[hibernate-core-6.4.10.Final.jar:6.4.10.Final]
	at org.hibernate.boot.internal.InFlightMetadataCollectorImpl.getDatabase(InFlightMetadataCollectorImpl.java:223) ~[hibernate-core-6.4.10.Final.jar:6.4.10.Final]
	at org.hibernate.boot.internal.InFlightMetadataCollectorImpl.<init>(InFlightMetadataCollectorImpl.java:191) ~[hibernate-core-6.4.10.Final.jar:6.4.10.Final]
	at org.hibernate.boot.model.process.spi.MetadataBuildingProcess.complete(MetadataBuildingProcess.java:170) ~[hibernate-core-6.4.10.Final.jar:6.4.10.Final]
	at org.hibernate.jpa.boot.internal.EntityManagerFactoryBuilderImpl.metadata(EntityManagerFactoryBuilderImpl.java:1432) ~[hibernate-core-6.4.10.Final.jar:6.4.10.Final]
	at org.hibernate.jpa.boot.internal.EntityManagerFactoryBuilderImpl.build(EntityManagerFactoryBuilderImpl.java:1503) ~[hibernate-core-6.4.10.Final.jar:6.4.10.Final]
	at org.springframework.orm.jpa.vendor.SpringHibernateJpaPersistenceProvider.createContainerEntityManagerFactory(SpringHibernateJpaPersistenceProvider.java:75) ~[spring-orm-6.1.15.jar:6.1.15]
	at org.springframework.orm.jpa.LocalContainerEntityManagerFactoryBean.createNativeEntityManagerFactory(LocalContainerEntityManagerFactoryBean.java:390) ~[spring-orm-6.1.15.jar:6.1.15]
	at org.springframework.orm.jpa.AbstractEntityManagerFactoryBean.buildNativeEntityManagerFactory(AbstractEntityManagerFactoryBean.java:409) ~[spring-orm-6.1.15.jar:6.1.15]
	at org.springframework.orm.jpa.AbstractEntityManagerFactoryBean.afterPropertiesSet(AbstractEntityManagerFactoryBean.java:396) ~[spring-orm-6.1.15.jar:6.1.15]
	at org.springframework.orm.jpa.LocalContainerEntityManagerFactoryBean.afterPropertiesSet(LocalContainerEntityManagerFactoryBean.java:366) ~[spring-orm-6.1.15.jar:6.1.15]
	at org.springframework.beans.factory.support.AbstractAutowireCapableBeanFactory.invokeInitMethods(AbstractAutowireCapableBeanFactory.java:1853) ~[spring-beans-6.1.15.jar:6.1.15]
	at org.springframework.beans.factory.support.AbstractAutowireCapableBeanFactory.initializeBean(AbstractAutowireCapableBeanFactory.java:1802) ~[spring-beans-6.1.15.jar:6.1.15]
	at org.springframework.beans.factory.support.AbstractAutowireCapableBeanFactory.doCreateBean(AbstractAutowireCapableBeanFactory.java:600) ~[spring-beans-6.1.15.jar:6.1.15]
	at org.springframework.beans.factory.support.AbstractAutowireCapableBeanFactory.createBean(AbstractAutowireCapableBeanFactory.java:522) ~[spring-beans-6.1.15.jar:6.1.15]
	at org.springframework.beans.factory.support.AbstractBeanFactory.lambda$doGetBean$0(AbstractBeanFactory.java:337) ~[spring-beans-6.1.15.jar:6.1.15]
	at org.springframework.beans.factory.support.DefaultSingletonBeanRegistry.getSingleton(DefaultSingletonBeanRegistry.java:234) ~[spring-beans-6.1.15.jar:6.1.15]
	at org.springframework.beans.factory.support.AbstractBeanFactory.doGetBean(AbstractBeanFactory.java:335) ~[spring-beans-6.1.15.jar:6.1.15]
	at org.springframework.beans.factory.support.AbstractBeanFactory.getBean(AbstractBeanFactory.java:205) ~[spring-beans-6.1.15.jar:6.1.15]
	at org.springframework.context.support.AbstractApplicationContext.finishBeanFactoryInitialization(AbstractApplicationContext.java:954) ~[spring-context-6.1.15.jar:6.1.15]
	at org.springframework.context.support.AbstractApplicationContext.refresh(AbstractApplicationContext.java:625) ~[spring-context-6.1.15.jar:6.1.15]
	at org.springframework.boot.web.servlet.context.ServletWebServerApplicationContext.refresh(ServletWebServerApplicationContext.java:146) ~[spring-boot-3.2.12.jar:3.2.12]
	at org.springframework.boot.SpringApplication.refresh(SpringApplication.java:754) ~[spring-boot-3.2.12.jar:3.2.12]
	at org.springframework.boot.SpringApplication.refreshContext(SpringApplication.java:456) ~[spring-boot-3.2.12.jar:3.2.12]
	at org.springframework.boot.SpringApplication.run(SpringApplication.java:335) ~[spring-boot-3.2.12.jar:3.2.12]
	at org.springframework.boot.SpringApplication.run(SpringApplication.java:1363) ~[spring-boot-3.2.12.jar:3.2.12]
	at org.springframework.boot.SpringApplication.run(SpringApplication.java:1352) ~[spring-boot-3.2.12.jar:3.2.12]
	at com.market.marketsearchservice.MarketSearchServiceApplication.main(MarketSearchServiceApplication.java:21) ~[classes/:na]
	at java.base/jdk.internal.reflect.NativeMethodAccessorImpl.invoke0(Native Method) ~[na:na]
	at java.base/jdk.internal.reflect.NativeMethodAccessorImpl.invoke(NativeMethodAccessorImpl.java:77) ~[na:na]
	at java.base/jdk.internal.reflect.DelegatingMethodAccessorImpl.invoke(DelegatingMethodAccessorImpl.java:43) ~[na:na]
	at java.base/java.lang.reflect.Method.invoke(Method.java:568) ~[na:na]
	at org.springframework.boot.devtools.restart.RestartLauncher.run(RestartLauncher.java:50) ~[spring-boot-devtools-3.2.12.jar:3.2.12]

2026-01-05T11:49:58.712+05:30  WARN 18696 --- [market-search-service] [restartedMain] [                                                 ] o.h.e.j.e.i.JdbcEnvironmentInitiator     : HHH000342: Could not obtain connection to query metadata

java.lang.NullPointerException: Cannot invoke "org.hibernate.engine.jdbc.spi.SqlExceptionHelper.convert(java.sql.SQLException, String)" because the return value of "org.hibernate.resource.transaction.backend.jdbc.internal.JdbcIsolationDelegate.sqlExceptionHelper()" is null
	at org.hibernate.resource.transaction.backend.jdbc.internal.JdbcIsolationDelegate.delegateWork(JdbcIsolationDelegate.java:116) ~[hibernate-core-6.4.10.Final.jar:6.4.10.Final]
	at org.hibernate.engine.jdbc.env.internal.JdbcEnvironmentInitiator.getJdbcEnvironmentUsingJdbcMetadata(JdbcEnvironmentInitiator.java:276) ~[hibernate-core-6.4.10.Final.jar:6.4.10.Final]
	at org.hibernate.engine.jdbc.env.internal.JdbcEnvironmentInitiator.initiateService(JdbcEnvironmentInitiator.java:107) ~[hibernate-core-6.4.10.Final.jar:6.4.10.Final]
	at org.hibernate.engine.jdbc.env.internal.JdbcEnvironmentInitiator.initiateService(JdbcEnvironmentInitiator.java:68) ~[hibernate-core-6.4.10.Final.jar:6.4.10.Final]
	at org.hibernate.boot.registry.internal.StandardServiceRegistryImpl.initiateService(StandardServiceRegistryImpl.java:130) ~[hibernate-core-6.4.10.Final.jar:6.4.10.Final]
	at org.hibernate.service.internal.AbstractServiceRegistryImpl.createService(AbstractServiceRegistryImpl.java:263) ~[hibernate-core-6.4.10.Final.jar:6.4.10.Final]
	at org.hibernate.service.internal.AbstractServiceRegistryImpl.initializeService(AbstractServiceRegistryImpl.java:238) ~[hibernate-core-6.4.10.Final.jar:6.4.10.Final]
	at org.hibernate.service.internal.AbstractServiceRegistryImpl.getService(AbstractServiceRegistryImpl.java:215) ~[hibernate-core-6.4.10.Final.jar:6.4.10.Final]
	at org.hibernate.boot.model.relational.Database.<init>(Database.java:45) ~[hibernate-core-6.4.10.Final.jar:6.4.10.Final]
	at org.hibernate.boot.internal.InFlightMetadataCollectorImpl.getDatabase(InFlightMetadataCollectorImpl.java:223) ~[hibernate-core-6.4.10.Final.jar:6.4.10.Final]
	at org.hibernate.boot.internal.InFlightMetadataCollectorImpl.<init>(InFlightMetadataCollectorImpl.java:191) ~[hibernate-core-6.4.10.Final.jar:6.4.10.Final]
	at org.hibernate.boot.model.process.spi.MetadataBuildingProcess.complete(MetadataBuildingProcess.java:170) ~[hibernate-core-6.4.10.Final.jar:6.4.10.Final]
	at org.hibernate.jpa.boot.internal.EntityManagerFactoryBuilderImpl.metadata(EntityManagerFactoryBuilderImpl.java:1432) ~[hibernate-core-6.4.10.Final.jar:6.4.10.Final]
	at org.hibernate.jpa.boot.internal.EntityManagerFactoryBuilderImpl.build(EntityManagerFactoryBuilderImpl.java:1503) ~[hibernate-core-6.4.10.Final.jar:6.4.10.Final]
	at org.springframework.orm.jpa.vendor.SpringHibernateJpaPersistenceProvider.createContainerEntityManagerFactory(SpringHibernateJpaPersistenceProvider.java:75) ~[spring-orm-6.1.15.jar:6.1.15]
	at org.springframework.orm.jpa.LocalContainerEntityManagerFactoryBean.createNativeEntityManagerFactory(LocalContainerEntityManagerFactoryBean.java:390) ~[spring-orm-6.1.15.jar:6.1.15]
	at org.springframework.orm.jpa.AbstractEntityManagerFactoryBean.buildNativeEntityManagerFactory(AbstractEntityManagerFactoryBean.java:409) ~[spring-orm-6.1.15.jar:6.1.15]
	at org.springframework.orm.jpa.AbstractEntityManagerFactoryBean.afterPropertiesSet(AbstractEntityManagerFactoryBean.java:396) ~[spring-orm-6.1.15.jar:6.1.15]
	at org.springframework.orm.jpa.LocalContainerEntityManagerFactoryBean.afterPropertiesSet(LocalContainerEntityManagerFactoryBean.java:366) ~[spring-orm-6.1.15.jar:6.1.15]
	at org.springframework.beans.factory.support.AbstractAutowireCapableBeanFactory.invokeInitMethods(AbstractAutowireCapableBeanFactory.java:1853) ~[spring-beans-6.1.15.jar:6.1.15]
	at org.springframework.beans.factory.support.AbstractAutowireCapableBeanFactory.initializeBean(AbstractAutowireCapableBeanFactory.java:1802) ~[spring-beans-6.1.15.jar:6.1.15]
	at org.springframework.beans.factory.support.AbstractAutowireCapableBeanFactory.doCreateBean(AbstractAutowireCapableBeanFactory.java:600) ~[spring-beans-6.1.15.jar:6.1.15]
	at org.springframework.beans.factory.support.AbstractAutowireCapableBeanFactory.createBean(AbstractAutowireCapableBeanFactory.java:522) ~[spring-beans-6.1.15.jar:6.1.15]
	at org.springframework.beans.factory.support.AbstractBeanFactory.lambda$doGetBean$0(AbstractBeanFactory.java:337) ~[spring-beans-6.1.15.jar:6.1.15]
	at org.springframework.beans.factory.support.DefaultSingletonBeanRegistry.getSingleton(DefaultSingletonBeanRegistry.java:234) ~[spring-beans-6.1.15.jar:6.1.15]
	at org.springframework.beans.factory.support.AbstractBeanFactory.doGetBean(AbstractBeanFactory.java:335) ~[spring-beans-6.1.15.jar:6.1.15]
	at org.springframework.beans.factory.support.AbstractBeanFactory.getBean(AbstractBeanFactory.java:205) ~[spring-beans-6.1.15.jar:6.1.15]
	at org.springframework.context.support.AbstractApplicationContext.finishBeanFactoryInitialization(AbstractApplicationContext.java:954) ~[spring-context-6.1.15.jar:6.1.15]
	at org.springframework.context.support.AbstractApplicationContext.refresh(AbstractApplicationContext.java:625) ~[spring-context-6.1.15.jar:6.1.15]
	at org.springframework.boot.web.servlet.context.ServletWebServerApplicationContext.refresh(ServletWebServerApplicationContext.java:146) ~[spring-boot-3.2.12.jar:3.2.12]
	at org.springframework.boot.SpringApplication.refresh(SpringApplication.java:754) ~[spring-boot-3.2.12.jar:3.2.12]
	at org.springframework.boot.SpringApplication.refreshContext(SpringApplication.java:456) ~[spring-boot-3.2.12.jar:3.2.12]
	at org.springframework.boot.SpringApplication.run(SpringApplication.java:335) ~[spring-boot-3.2.12.jar:3.2.12]
	at org.springframework.boot.SpringApplication.run(SpringApplication.java:1363) ~[spring-boot-3.2.12.jar:3.2.12]
	at org.springframework.boot.SpringApplication.run(SpringApplication.java:1352) ~[spring-boot-3.2.12.jar:3.2.12]
	at com.market.marketsearchservice.MarketSearchServiceApplication.main(MarketSearchServiceApplication.java:21) ~[classes/:na]
	at java.base/jdk.internal.reflect.NativeMethodAccessorImpl.invoke0(Native Method) ~[na:na]
	at java.base/jdk.internal.reflect.NativeMethodAccessorImpl.invoke(NativeMethodAccessorImpl.java:77) ~[na:na]
	at java.base/jdk.internal.reflect.DelegatingMethodAccessorImpl.invoke(DelegatingMethodAccessorImpl.java:43) ~[na:na]
	at java.base/java.lang.reflect.Method.invoke(Method.java:568) ~[na:na]
	at org.springframework.boot.devtools.restart.RestartLauncher.run(RestartLauncher.java:50) ~[spring-boot-devtools-3.2.12.jar:3.2.12]

2026-01-05T11:49:58.760+05:30  WARN 18696 --- [market-search-service] [restartedMain] [                                                 ] org.hibernate.orm.deprecation            : HHH90000025: PostgreSQLDialect does not need to be specified explicitly using 'hibernate.dialect' (remove the property setting and it will be selected by default)
2026-01-05T11:50:00.333+05:30  INFO 18696 --- [market-search-service] [restartedMain] [                                                 ] o.h.e.t.j.p.i.JtaPlatformInitiator       : HHH000489: No JTA platform available (set 'hibernate.transaction.jta.platform' to enable JTA platform integration)
2026-01-05T11:50:00.357+05:30  INFO 18696 --- [market-search-service] [restartedMain] [                                                 ] com.zaxxer.hikari.HikariDataSource       : HikariPool-1 - Starting...
2026-01-05T11:50:01.421+05:30 ERROR 18696 --- [market-search-service] [restartedMain] [                                                 ] com.zaxxer.hikari.pool.HikariPool        : HikariPool-1 - Exception during pool initialization.

org.postgresql.util.PSQLException: FATAL: password authentication failed for user "postgres"
	at org.postgresql.core.v3.ConnectionFactoryImpl.doAuthentication(ConnectionFactoryImpl.java:704) ~[postgresql-42.7.5.jar:42.7.5]
	at org.postgresql.core.v3.ConnectionFactoryImpl.tryConnect(ConnectionFactoryImpl.java:213) ~[postgresql-42.7.5.jar:42.7.5]
	at org.postgresql.core.v3.ConnectionFactoryImpl.openConnectionImpl(ConnectionFactoryImpl.java:268) ~[postgresql-42.7.5.jar:42.7.5]
	at org.postgresql.core.ConnectionFactory.openConnection(ConnectionFactory.java:54) ~[postgresql-42.7.5.jar:42.7.5]
	at org.postgresql.jdbc.PgConnection.<init>(PgConnection.java:273) ~[postgresql-42.7.5.jar:42.7.5]
	at org.postgresql.Driver.makeConnection(Driver.java:446) ~[postgresql-42.7.5.jar:42.7.5]
	at org.postgresql.Driver.connect(Driver.java:298) ~[postgresql-42.7.5.jar:42.7.5]
	at com.zaxxer.hikari.util.DriverDataSource.getConnection(DriverDataSource.java:138) ~[HikariCP-5.0.1.jar:na]
	at com.zaxxer.hikari.pool.PoolBase.newConnection(PoolBase.java:359) ~[HikariCP-5.0.1.jar:na]
	at com.zaxxer.hikari.pool.PoolBase.newPoolEntry(PoolBase.java:201) ~[HikariCP-5.0.1.jar:na]
	at com.zaxxer.hikari.pool.HikariPool.createPoolEntry(HikariPool.java:470) ~[HikariCP-5.0.1.jar:na]
	at com.zaxxer.hikari.pool.HikariPool.checkFailFast(HikariPool.java:561) ~[HikariCP-5.0.1.jar:na]
	at com.zaxxer.hikari.pool.HikariPool.<init>(HikariPool.java:100) ~[HikariCP-5.0.1.jar:na]
	at com.zaxxer.hikari.HikariDataSource.getConnection(HikariDataSource.java:112) ~[HikariCP-5.0.1.jar:na]
	at org.hibernate.engine.jdbc.connections.internal.DatasourceConnectionProviderImpl.getConnection(DatasourceConnectionProviderImpl.java:122) ~[hibernate-core-6.4.10.Final.jar:6.4.10.Final]
	at org.hibernate.engine.jdbc.env.internal.JdbcEnvironmentInitiator$ConnectionProviderJdbcConnectionAccess.obtainConnection(JdbcEnvironmentInitiator.java:428) ~[hibernate-core-6.4.10.Final.jar:6.4.10.Final]
	at org.hibernate.resource.transaction.backend.jdbc.internal.DdlTransactionIsolatorNonJtaImpl.getIsolatedConnection(DdlTransactionIsolatorNonJtaImpl.java:46) ~[hibernate-core-6.4.10.Final.jar:6.4.10.Final]
	at org.hibernate.resource.transaction.backend.jdbc.internal.DdlTransactionIsolatorNonJtaImpl.getIsolatedConnection(DdlTransactionIsolatorNonJtaImpl.java:39) ~[hibernate-core-6.4.10.Final.jar:6.4.10.Final]
	at org.hibernate.tool.schema.internal.exec.ImprovedExtractionContextImpl.getJdbcConnection(ImprovedExtractionContextImpl.java:63) ~[hibernate-core-6.4.10.Final.jar:6.4.10.Final]
	at org.hibernate.tool.schema.extract.spi.ExtractionContext.getQueryResults(ExtractionContext.java:43) ~[hibernate-core-6.4.10.Final.jar:6.4.10.Final]
	at org.hibernate.tool.schema.extract.internal.SequenceInformationExtractorLegacyImpl.extractMetadata(SequenceInformationExtractorLegacyImpl.java:39) ~[hibernate-core-6.4.10.Final.jar:6.4.10.Final]
	at org.hibernate.tool.schema.extract.internal.DatabaseInformationImpl.initializeSequences(DatabaseInformationImpl.java:66) ~[hibernate-core-6.4.10.Final.jar:6.4.10.Final]
	at org.hibernate.tool.schema.extract.internal.DatabaseInformationImpl.<init>(DatabaseInformationImpl.java:60) ~[hibernate-core-6.4.10.Final.jar:6.4.10.Final]
	at org.hibernate.tool.schema.internal.Helper.buildDatabaseInformation(Helper.java:185) ~[hibernate-core-6.4.10.Final.jar:6.4.10.Final]
	at org.hibernate.tool.schema.internal.AbstractSchemaMigrator.doMigration(AbstractSchemaMigrator.java:98) ~[hibernate-core-6.4.10.Final.jar:6.4.10.Final]
	at org.hibernate.tool.schema.spi.SchemaManagementToolCoordinator.performDatabaseAction(SchemaManagementToolCoordinator.java:280) ~[hibernate-core-6.4.10.Final.jar:6.4.10.Final]
	at org.hibernate.tool.schema.spi.SchemaManagementToolCoordinator.lambda$process$5(SchemaManagementToolCoordinator.java:144) ~[hibernate-core-6.4.10.Final.jar:6.4.10.Final]
	at java.base/java.util.HashMap.forEach(HashMap.java:1421) ~[na:na]
	at org.hibernate.tool.schema.spi.SchemaManagementToolCoordinator.process(SchemaManagementToolCoordinator.java:141) ~[hibernate-core-6.4.10.Final.jar:6.4.10.Final]
	at org.hibernate.boot.internal.SessionFactoryObserverForSchemaExport.sessionFactoryCreated(SessionFactoryObserverForSchemaExport.java:37) ~[hibernate-core-6.4.10.Final.jar:6.4.10.Final]
	at org.hibernate.internal.SessionFactoryObserverChain.sessionFactoryCreated(SessionFactoryObserverChain.java:35) ~[hibernate-core-6.4.10.Final.jar:6.4.10.Final]
	at org.hibernate.internal.SessionFactoryImpl.<init>(SessionFactoryImpl.java:315) ~[hibernate-core-6.4.10.Final.jar:6.4.10.Final]
	at org.hibernate.boot.internal.SessionFactoryBuilderImpl.build(SessionFactoryBuilderImpl.java:450) ~[hibernate-core-6.4.10.Final.jar:6.4.10.Final]
	at org.hibernate.jpa.boot.internal.EntityManagerFactoryBuilderImpl.build(EntityManagerFactoryBuilderImpl.java:1507) ~[hibernate-core-6.4.10.Final.jar:6.4.10.Final]
	at org.springframework.orm.jpa.vendor.SpringHibernateJpaPersistenceProvider.createContainerEntityManagerFactory(SpringHibernateJpaPersistenceProvider.java:75) ~[spring-orm-6.1.15.jar:6.1.15]
	at org.springframework.orm.jpa.LocalContainerEntityManagerFactoryBean.createNativeEntityManagerFactory(LocalContainerEntityManagerFactoryBean.java:390) ~[spring-orm-6.1.15.jar:6.1.15]
	at org.springframework.orm.jpa.AbstractEntityManagerFactoryBean.buildNativeEntityManagerFactory(AbstractEntityManagerFactoryBean.java:409) ~[spring-orm-6.1.15.jar:6.1.15]
	at org.springframework.orm.jpa.AbstractEntityManagerFactoryBean.afterPropertiesSet(AbstractEntityManagerFactoryBean.java:396) ~[spring-orm-6.1.15.jar:6.1.15]
	at org.springframework.orm.jpa.LocalContainerEntityManagerFactoryBean.afterPropertiesSet(LocalContainerEntityManagerFactoryBean.java:366) ~[spring-orm-6.1.15.jar:6.1.15]
	at org.springframework.beans.factory.support.AbstractAutowireCapableBeanFactory.invokeInitMethods(AbstractAutowireCapableBeanFactory.java:1853) ~[spring-beans-6.1.15.jar:6.1.15]
	at org.springframework.beans.factory.support.AbstractAutowireCapableBeanFactory.initializeBean(AbstractAutowireCapableBeanFactory.java:1802) ~[spring-beans-6.1.15.jar:6.1.15]
	at org.springframework.beans.factory.support.AbstractAutowireCapableBeanFactory.doCreateBean(AbstractAutowireCapableBeanFactory.java:600) ~[spring-beans-6.1.15.jar:6.1.15]
	at org.springframework.beans.factory.support.AbstractAutowireCapableBeanFactory.createBean(AbstractAutowireCapableBeanFactory.java:522) ~[spring-beans-6.1.15.jar:6.1.15]
	at org.springframework.beans.factory.support.AbstractBeanFactory.lambda$doGetBean$0(AbstractBeanFactory.java:337) ~[spring-beans-6.1.15.jar:6.1.15]
	at org.springframework.beans.factory.support.DefaultSingletonBeanRegistry.getSingleton(DefaultSingletonBeanRegistry.java:234) ~[spring-beans-6.1.15.jar:6.1.15]
	at org.springframework.beans.factory.support.AbstractBeanFactory.doGetBean(AbstractBeanFactory.java:335) ~[spring-beans-6.1.15.jar:6.1.15]
	at org.springframework.beans.factory.support.AbstractBeanFactory.getBean(AbstractBeanFactory.java:205) ~[spring-beans-6.1.15.jar:6.1.15]
	at org.springframework.context.support.AbstractApplicationContext.finishBeanFactoryInitialization(AbstractApplicationContext.java:954) ~[spring-context-6.1.15.jar:6.1.15]
	at org.springframework.context.support.AbstractApplicationContext.refresh(AbstractApplicationContext.java:625) ~[spring-context-6.1.15.jar:6.1.15]
	at org.springframework.boot.web.servlet.context.ServletWebServerApplicationContext.refresh(ServletWebServerApplicationContext.java:146) ~[spring-boot-3.2.12.jar:3.2.12]
	at org.springframework.boot.SpringApplication.refresh(SpringApplication.java:754) ~[spring-boot-3.2.12.jar:3.2.12]
	at org.springframework.boot.SpringApplication.refreshContext(SpringApplication.java:456) ~[spring-boot-3.2.12.jar:3.2.12]
	at org.springframework.boot.SpringApplication.run(SpringApplication.java:335) ~[spring-boot-3.2.12.jar:3.2.12]
	at org.springframework.boot.SpringApplication.run(SpringApplication.java:1363) ~[spring-boot-3.2.12.jar:3.2.12]
	at org.springframework.boot.SpringApplication.run(SpringApplication.java:1352) ~[spring-boot-3.2.12.jar:3.2.12]
	at com.market.marketsearchservice.MarketSearchServiceApplication.main(MarketSearchServiceApplication.java:21) ~[classes/:na]
	at java.base/jdk.internal.reflect.NativeMethodAccessorImpl.invoke0(Native Method) ~[na:na]
	at java.base/jdk.internal.reflect.NativeMethodAccessorImpl.invoke(NativeMethodAccessorImpl.java:77) ~[na:na]
	at java.base/jdk.internal.reflect.DelegatingMethodAccessorImpl.invoke(DelegatingMethodAccessorImpl.java:43) ~[na:na]
	at java.base/java.lang.reflect.Method.invoke(Method.java:568) ~[na:na]
	at org.springframework.boot.devtools.restart.RestartLauncher.run(RestartLauncher.java:50) ~[spring-boot-devtools-3.2.12.jar:3.2.12]

2026-01-05T11:50:01.427+05:30  WARN 18696 --- [market-search-service] [restartedMain] [                                                 ] o.h.engine.jdbc.spi.SqlExceptionHelper   : SQL Error: 0, SQLState: 28P01
2026-01-05T11:50:01.427+05:30 ERROR 18696 --- [market-search-service] [restartedMain] [                                                 ] o.h.engine.jdbc.spi.SqlExceptionHelper   : FATAL: password authentication failed for user "postgres"
2026-01-05T11:50:01.439+05:30 ERROR 18696 --- [market-search-service] [restartedMain] [                                                 ] j.LocalContainerEntityManagerFactoryBean : Failed to initialize JPA EntityManagerFactory: [PersistenceUnit: default] Unable to build Hibernate SessionFactory; nested exception is org.hibernate.exception.GenericJDBCException: Unable to open JDBC Connection for DDL execution [FATAL: password authentication failed for user "postgres"] [n/a]
2026-01-05T11:50:01.442+05:30  WARN 18696 --- [market-search-service] [restartedMain] [                                                 ] ConfigServletWebServerApplicationContext : Exception encountered during context initialization - cancelling refresh attempt: org.springframework.beans.factory.BeanCreationException: Error creating bean with name 'entityManagerFactory' defined in class path resource [org/springframework/boot/autoconfigure/orm/jpa/HibernateJpaConfiguration.class]: [PersistenceUnit: default] Unable to build Hibernate SessionFactory; nested exception is org.hibernate.exception.GenericJDBCException: Unable to open JDBC Connection for DDL execution [FATAL: password authentication failed for user "postgres"] [n/a]
2026-01-05T11:50:06.075+05:30  INFO 21104 --- [market-search-service] [restartedMain] [                                                 ] c.m.m.MarketSearchServiceApplication     : Starting MarketSearchServiceApplication using Java 17.0.12 with PID 21104 (C:\Users\Ashley.Samuel\OneDrive - Apexon\Documents\market-research\stock-market-platform-v2\git\market-search-service\target\classes started by Ashley.Samuel in C:\Users\Ashley.Samuel\OneDrive - Apexon\Documents\market-research\stock-market-platform-v2\git)
2026-01-05T11:50:06.082+05:30  INFO 21104 --- [market-search-service] [restartedMain] [                                                 ] c.m.m.MarketSearchServiceApplication     : The following 1 profile is active: "local"
2026-01-05T11:50:06.257+05:30  INFO 21104 --- [market-search-service] [restartedMain] [                                                 ] .e.DevToolsPropertyDefaultsPostProcessor : Devtools property defaults active! Set 'spring.devtools.add-properties' to 'false' to disable
2026-01-05T11:50:06.257+05:30  INFO 21104 --- [market-search-service] [restartedMain] [                                                 ] .e.DevToolsPropertyDefaultsPostProcessor : For additional web related logging consider setting the 'logging.level.web' property to 'DEBUG'
2026-01-05T11:50:08.888+05:30  INFO 21104 --- [market-search-service] [restartedMain] [                                                 ] .s.d.r.c.RepositoryConfigurationDelegate : Multiple Spring Data modules found, entering strict repository configuration mode
2026-01-05T11:50:08.891+05:30  INFO 21104 --- [market-search-service] [restartedMain] [                                                 ] .s.d.r.c.RepositoryConfigurationDelegate : Bootstrapping Spring Data JPA repositories in DEFAULT mode.
2026-01-05T11:50:09.134+05:30  INFO 21104 --- [market-search-service] [restartedMain] [                                                 ] .s.d.r.c.RepositoryConfigurationDelegate : Finished Spring Data repository scanning in 230 ms. Found 2 JPA repository interfaces.
2026-01-05T11:50:09.163+05:30  INFO 21104 --- [market-search-service] [restartedMain] [                                                 ] .s.d.r.c.RepositoryConfigurationDelegate : Multiple Spring Data modules found, entering strict repository configuration mode
2026-01-05T11:50:09.166+05:30  INFO 21104 --- [market-search-service] [restartedMain] [                                                 ] .s.d.r.c.RepositoryConfigurationDelegate : Bootstrapping Spring Data Redis repositories in DEFAULT mode.
2026-01-05T11:50:09.187+05:30  INFO 21104 --- [market-search-service] [restartedMain] [                                                 ] .RepositoryConfigurationExtensionSupport : Spring Data Redis - Could not safely identify store assignment for repository candidate interface com.market.marketsearchservice.repository.StockMetaRepository; If you want this repository to be a Redis repository, consider annotating your entities with one of these annotations: org.springframework.data.redis.core.RedisHash (preferred), or consider extending one of the following types with your repository: org.springframework.data.keyvalue.repository.KeyValueRepository
2026-01-05T11:50:09.187+05:30  INFO 21104 --- [market-search-service] [restartedMain] [                                                 ] .RepositoryConfigurationExtensionSupport : Spring Data Redis - Could not safely identify store assignment for repository candidate interface com.market.marketsearchservice.repository.StockSymbolRepository; If you want this repository to be a Redis repository, consider annotating your entities with one of these annotations: org.springframework.data.redis.core.RedisHash (preferred), or consider extending one of the following types with your repository: org.springframework.data.keyvalue.repository.KeyValueRepository
2026-01-05T11:50:09.187+05:30  INFO 21104 --- [market-search-service] [restartedMain] [                                                 ] .s.d.r.c.RepositoryConfigurationDelegate : Finished Spring Data repository scanning in 13 ms. Found 0 Redis repository interfaces.
2026-01-05T11:50:10.090+05:30  INFO 21104 --- [market-search-service] [restartedMain] [                                                 ] o.s.cloud.context.scope.GenericScope     : BeanFactory id=b82f3aee-facf-399f-80a8-51fa974ca13f
2026-01-05T11:50:12.465+05:30  INFO 21104 --- [market-search-service] [restartedMain] [                                                 ] o.s.b.w.embedded.tomcat.TomcatWebServer  : Tomcat initialized with port 8090 (http)
2026-01-05T11:50:12.492+05:30  INFO 21104 --- [market-search-service] [restartedMain] [                                                 ] o.apache.catalina.core.StandardService   : Starting service [Tomcat]
2026-01-05T11:50:12.492+05:30  INFO 21104 --- [market-search-service] [restartedMain] [                                                 ] o.apache.catalina.core.StandardEngine    : Starting Servlet engine: [Apache Tomcat/10.1.33]
2026-01-05T11:50:12.649+05:30  INFO 21104 --- [market-search-service] [restartedMain] [                                                 ] o.a.c.c.C.[Tomcat].[localhost].[/]       : Initializing Spring embedded WebApplicationContext
2026-01-05T11:50:12.649+05:30  INFO 21104 --- [market-search-service] [restartedMain] [                                                 ] w.s.c.ServletWebServerApplicationContext : Root WebApplicationContext: initialization completed in 6388 ms
2026-01-05T11:50:14.136+05:30  INFO 21104 --- [market-search-service] [restartedMain] [                                                 ] com.zaxxer.hikari.HikariDataSource       : HikariPool-1 - Starting...
2026-01-05T11:50:14.509+05:30  INFO 21104 --- [market-search-service] [restartedMain] [                                                 ] com.zaxxer.hikari.pool.HikariPool        : HikariPool-1 - Added connection org.postgresql.jdbc.PgConnection@e12ed3f
2026-01-05T11:50:14.514+05:30  INFO 21104 --- [market-search-service] [restartedMain] [                                                 ] com.zaxxer.hikari.HikariDataSource       : HikariPool-1 - Start completed.
2026-01-05T11:50:14.537+05:30  INFO 21104 --- [market-search-service] [restartedMain] [                                                 ] o.s.b.a.h2.H2ConsoleAutoConfiguration    : H2 console available at '/h2-console'. Database available at 'jdbc:postgresql://localhost:5432/marketsearchdb'
2026-01-05T11:50:16.050+05:30  INFO 21104 --- [market-search-service] [restartedMain] [                                                 ] o.hibernate.jpa.internal.util.LogHelper  : HHH000204: Processing PersistenceUnitInfo [name: default]
2026-01-05T11:50:16.174+05:30  INFO 21104 --- [market-search-service] [restartedMain] [                                                 ] org.hibernate.Version                    : HHH000412: Hibernate ORM core version 6.4.10.Final
2026-01-05T11:50:16.237+05:30  INFO 21104 --- [market-search-service] [restartedMain] [                                                 ] o.h.c.internal.RegionFactoryInitiator    : HHH000026: Second-level cache disabled
2026-01-05T11:50:16.735+05:30  INFO 21104 --- [market-search-service] [restartedMain] [                                                 ] o.s.o.j.p.SpringPersistenceUnitInfo      : No LoadTimeWeaver setup: ignoring JPA class transformer
2026-01-05T11:50:16.904+05:30  WARN 21104 --- [market-search-service] [restartedMain] [                                                 ] org.hibernate.orm.deprecation            : HHH90000025: PostgreSQLDialect does not need to be specified explicitly using 'hibernate.dialect' (remove the property setting and it will be selected by default)
2026-01-05T11:50:18.505+05:30  INFO 21104 --- [market-search-service] [restartedMain] [                                                 ] o.h.e.t.j.p.i.JtaPlatformInitiator       : HHH000489: No JTA platform available (set 'hibernate.transaction.jta.platform' to enable JTA platform integration)
2026-01-05T11:50:18.599+05:30  INFO 21104 --- [market-search-service] [restartedMain] [                                                 ] j.LocalContainerEntityManagerFactoryBean : Initialized JPA EntityManagerFactory for persistence unit 'default'
2026-01-05T11:50:21.842+05:30  WARN 21104 --- [market-search-service] [restartedMain] [                                                 ] JpaBaseConfiguration$JpaWebConfiguration : spring.jpa.open-in-view is enabled by default. Therefore, database queries may be performed during view rendering. Explicitly configure spring.jpa.open-in-view to disable this warning
2026-01-05T11:50:22.063+05:30  INFO 21104 --- [market-search-service] [restartedMain] [                                                 ] o.s.b.d.a.OptionalLiveReloadServer       : LiveReload server is running on port 35729
2026-01-05T11:50:22.539+05:30  INFO 21104 --- [market-search-service] [restartedMain] [                                                 ] o.s.c.openfeign.FeignClientFactoryBean   : For 'quotes-service' URL not provided. Will try picking an instance via load-balancing.
2026-01-05T11:50:22.753+05:30  INFO 21104 --- [market-search-service] [restartedMain] [                                                 ] o.s.c.openfeign.FeignClientFactoryBean   : For 'historical-service' URL not provided. Will try picking an instance via load-balancing.
2026-01-05T11:50:27.401+05:30  INFO 21104 --- [market-search-service] [restartedMain] [                                                 ] DiscoveryClientOptionalArgsConfiguration : Eureka HTTP Client uses RestTemplate.
2026-01-05T11:50:27.775+05:30  INFO 21104 --- [market-search-service] [restartedMain] [                                                 ] o.s.b.a.e.web.EndpointLinksResolver      : Exposing 1 endpoint(s) beneath base path '/actuator'
2026-01-05T11:50:28.011+05:30  INFO 21104 --- [market-search-service] [restartedMain] [                                                 ] o.a.k.clients.admin.AdminClientConfig    : AdminClientConfig values: 
	auto.include.jmx.reporter = true
	bootstrap.servers = [localhost:9092]
	client.dns.lookup = use_all_dns_ips
	client.id = 
	connections.max.idle.ms = 300000
	default.api.timeout.ms = 60000
	metadata.max.age.ms = 300000
	metric.reporters = []
	metrics.num.samples = 2
	metrics.recording.level = INFO
	metrics.sample.window.ms = 30000
	receive.buffer.bytes = 65536
	reconnect.backoff.max.ms = 1000
	reconnect.backoff.ms = 50
	request.timeout.ms = 30000
	retries = 2147483647
	retry.backoff.ms = 100
	sasl.client.callback.handler.class = null
	sasl.jaas.config = null
	sasl.kerberos.kinit.cmd = /usr/bin/kinit
	sasl.kerberos.min.time.before.relogin = 60000
	sasl.kerberos.service.name = null
	sasl.kerberos.ticket.renew.jitter = 0.05
	sasl.kerberos.ticket.renew.window.factor = 0.8
	sasl.login.callback.handler.class = null
	sasl.login.class = null
	sasl.login.connect.timeout.ms = null
	sasl.login.read.timeout.ms = null
	sasl.login.refresh.buffer.seconds = 300
	sasl.login.refresh.min.period.seconds = 60
	sasl.login.refresh.window.factor = 0.8
	sasl.login.refresh.window.jitter = 0.05
	sasl.login.retry.backoff.max.ms = 10000
	sasl.login.retry.backoff.ms = 100
	sasl.mechanism = GSSAPI
	sasl.oauthbearer.clock.skew.seconds = 30
	sasl.oauthbearer.expected.audience = null
	sasl.oauthbearer.expected.issuer = null
	sasl.oauthbearer.jwks.endpoint.refresh.ms = 3600000
	sasl.oauthbearer.jwks.endpoint.retry.backoff.max.ms = 10000
	sasl.oauthbearer.jwks.endpoint.retry.backoff.ms = 100
	sasl.oauthbearer.jwks.endpoint.url = null
	sasl.oauthbearer.scope.claim.name = scope
	sasl.oauthbearer.sub.claim.name = sub
	sasl.oauthbearer.token.endpoint.url = null
	security.protocol = PLAINTEXT
	security.providers = null
	send.buffer.bytes = 131072
	socket.connection.setup.timeout.max.ms = 30000
	socket.connection.setup.timeout.ms = 10000
	ssl.cipher.suites = null
	ssl.enabled.protocols = [TLSv1.2, TLSv1.3]
	ssl.endpoint.identification.algorithm = https
	ssl.engine.factory.class = null
	ssl.key.password = null
	ssl.keymanager.algorithm = SunX509
	ssl.keystore.certificate.chain = null
	ssl.keystore.key = null
	ssl.keystore.location = null
	ssl.keystore.password = null
	ssl.keystore.type = JKS
	ssl.protocol = TLSv1.3
	ssl.provider = null
	ssl.secure.random.implementation = null
	ssl.trustmanager.algorithm = PKIX
	ssl.truststore.certificates = null
	ssl.truststore.location = null
	ssl.truststore.password = null
	ssl.truststore.type = JKS

2026-01-05T11:50:28.219+05:30  INFO 21104 --- [market-search-service] [restartedMain] [                                                 ] o.a.kafka.common.utils.AppInfoParser     : Kafka version: 3.6.2
2026-01-05T11:50:28.219+05:30  INFO 21104 --- [market-search-service] [restartedMain] [                                                 ] o.a.kafka.common.utils.AppInfoParser     : Kafka commitId: c4deed513057c94e
2026-01-05T11:50:28.219+05:30  INFO 21104 --- [market-search-service] [restartedMain] [                                                 ] o.a.kafka.common.utils.AppInfoParser     : Kafka startTimeMs: 1767594028206
2026-01-05T11:50:28.252+05:30  INFO 21104 --- [market-search-service] [kafka-admin-client-thread | adminclient-1] [                                                 ] org.apache.kafka.clients.NetworkClient   : [AdminClient clientId=adminclient-1] Node -1 disconnected.
2026-01-05T11:50:28.254+05:30  WARN 21104 --- [market-search-service] [kafka-admin-client-thread | adminclient-1] [                                                 ] org.apache.kafka.clients.NetworkClient   : [AdminClient clientId=adminclient-1] Connection to node -1 (localhost/127.0.0.1:9092) could not be established. Broker may not be available.
2026-01-05T11:50:28.357+05:30  INFO 21104 --- [market-search-service] [kafka-admin-client-thread | adminclient-1] [                                                 ] org.apache.kafka.clients.NetworkClient   : [AdminClient clientId=adminclient-1] Node -1 disconnected.
2026-01-05T11:50:28.357+05:30  WARN 21104 --- [market-search-service] [kafka-admin-client-thread | adminclient-1] [                                                 ] org.apache.kafka.clients.NetworkClient   : [AdminClient clientId=adminclient-1] Connection to node -1 (localhost/127.0.0.1:9092) could not be established. Broker may not be available.
2026-01-05T11:50:28.579+05:30  INFO 21104 --- [market-search-service] [kafka-admin-client-thread | adminclient-1] [                                                 ] org.apache.kafka.clients.NetworkClient   : [AdminClient clientId=adminclient-1] Node -1 disconnected.
2026-01-05T11:50:28.579+05:30  WARN 21104 --- [market-search-service] [kafka-admin-client-thread | adminclient-1] [                                                 ] org.apache.kafka.clients.NetworkClient   : [AdminClient clientId=adminclient-1] Connection to node -1 (localhost/127.0.0.1:9092) could not be established. Broker may not be available.
2026-01-05T11:50:28.801+05:30  INFO 21104 --- [market-search-service] [kafka-admin-client-thread | adminclient-1] [                                                 ] org.apache.kafka.clients.NetworkClient   : [AdminClient clientId=adminclient-1] Node -1 disconnected.
2026-01-05T11:50:28.801+05:30  WARN 21104 --- [market-search-service] [kafka-admin-client-thread | adminclient-1] [                                                 ] org.apache.kafka.clients.NetworkClient   : [AdminClient clientId=adminclient-1] Connection to node -1 (localhost/127.0.0.1:9092) could not be established. Broker may not be available.
2026-01-05T11:50:29.369+05:30  INFO 21104 --- [market-search-service] [kafka-admin-client-thread | adminclient-1] [                                                 ] org.apache.kafka.clients.NetworkClient   : [AdminClient clientId=adminclient-1] Node -1 disconnected.
2026-01-05T11:50:29.369+05:30  WARN 21104 --- [market-search-service] [kafka-admin-client-thread | adminclient-1] [                                                 ] org.apache.kafka.clients.NetworkClient   : [AdminClient clientId=adminclient-1] Connection to node -1 (localhost/127.0.0.1:9092) could not be established. Broker may not be available.
2026-01-05T11:50:30.151+05:30  INFO 21104 --- [market-search-service] [kafka-admin-client-thread | adminclient-1] [                                                 ] org.apache.kafka.clients.NetworkClient   : [AdminClient clientId=adminclient-1] Node -1 disconnected.
2026-01-05T11:50:30.152+05:30  WARN 21104 --- [market-search-service] [kafka-admin-client-thread | adminclient-1] [                                                 ] org.apache.kafka.clients.NetworkClient   : [AdminClient clientId=adminclient-1] Connection to node -1 (localhost/127.0.0.1:9092) could not be established. Broker may not be available.
2026-01-05T11:50:31.157+05:30  INFO 21104 --- [market-search-service] [kafka-admin-client-thread | adminclient-1] [                                                 ] org.apache.kafka.clients.NetworkClient   : [AdminClient clientId=adminclient-1] Node -1 disconnected.
2026-01-05T11:50:31.159+05:30  WARN 21104 --- [market-search-service] [kafka-admin-client-thread | adminclient-1] [                                                 ] org.apache.kafka.clients.NetworkClient   : [AdminClient clientId=adminclient-1] Connection to node -1 (localhost/127.0.0.1:9092) could not be established. Broker may not be available.
2026-01-05T11:50:32.381+05:30  INFO 21104 --- [market-search-service] [kafka-admin-client-thread | adminclient-1] [                                                 ] org.apache.kafka.clients.NetworkClient   : [AdminClient clientId=adminclient-1] Node -1 disconnected.
2026-01-05T11:50:32.381+05:30  WARN 21104 --- [market-search-service] [kafka-admin-client-thread | adminclient-1] [                                                 ] org.apache.kafka.clients.NetworkClient   : [AdminClient clientId=adminclient-1] Connection to node -1 (localhost/127.0.0.1:9092) could not be established. Broker may not be available.
2026-01-05T11:50:33.619+05:30  INFO 21104 --- [market-search-service] [kafka-admin-client-thread | adminclient-1] [                                                 ] org.apache.kafka.clients.NetworkClient   : [AdminClient clientId=adminclient-1] Node -1 disconnected.
2026-01-05T11:50:33.619+05:30  WARN 21104 --- [market-search-service] [kafka-admin-client-thread | adminclient-1] [                                                 ] org.apache.kafka.clients.NetworkClient   : [AdminClient clientId=adminclient-1] Connection to node -1 (localhost/127.0.0.1:9092) could not be established. Broker may not be available.
2026-01-05T11:50:34.717+05:30  INFO 21104 --- [market-search-service] [kafka-admin-client-thread | adminclient-1] [                                                 ] org.apache.kafka.clients.NetworkClient   : [AdminClient clientId=adminclient-1] Node -1 disconnected.
2026-01-05T11:50:34.719+05:30  WARN 21104 --- [market-search-service] [kafka-admin-client-thread | adminclient-1] [                                                 ] org.apache.kafka.clients.NetworkClient   : [AdminClient clientId=adminclient-1] Connection to node -1 (localhost/127.0.0.1:9092) could not be established. Broker may not be available.
2026-01-05T11:50:35.833+05:30  INFO 21104 --- [market-search-service] [kafka-admin-client-thread | adminclient-1] [                                                 ] org.apache.kafka.clients.NetworkClient   : [AdminClient clientId=adminclient-1] Node -1 disconnected.
2026-01-05T11:50:35.835+05:30  WARN 21104 --- [market-search-service] [kafka-admin-client-thread | adminclient-1] [                                                 ] org.apache.kafka.clients.NetworkClient   : [AdminClient clientId=adminclient-1] Connection to node -1 (localhost/127.0.0.1:9092) could not be established. Broker may not be available.
2026-01-05T11:50:36.964+05:30  INFO 21104 --- [market-search-service] [kafka-admin-client-thread | adminclient-1] [                                                 ] org.apache.kafka.clients.NetworkClient   : [AdminClient clientId=adminclient-1] Node -1 disconnected.
2026-01-05T11:50:36.964+05:30  WARN 21104 --- [market-search-service] [kafka-admin-client-thread | adminclient-1] [                                                 ] org.apache.kafka.clients.NetworkClient   : [AdminClient clientId=adminclient-1] Connection to node -1 (localhost/127.0.0.1:9092) could not be established. Broker may not be available.
2026-01-05T11:50:37.956+05:30  INFO 21104 --- [market-search-service] [kafka-admin-client-thread | adminclient-1] [                                                 ] org.apache.kafka.clients.NetworkClient   : [AdminClient clientId=adminclient-1] Node -1 disconnected.
2026-01-05T11:50:37.956+05:30  WARN 21104 --- [market-search-service] [kafka-admin-client-thread | adminclient-1] [                                                 ] org.apache.kafka.clients.NetworkClient   : [AdminClient clientId=adminclient-1] Connection to node -1 (localhost/127.0.0.1:9092) could not be established. Broker may not be available.
2026-01-05T11:50:39.081+05:30  INFO 21104 --- [market-search-service] [kafka-admin-client-thread | adminclient-1] [                                                 ] org.apache.kafka.clients.NetworkClient   : [AdminClient clientId=adminclient-1] Node -1 disconnected.
2026-01-05T11:50:39.081+05:30  WARN 21104 --- [market-search-service] [kafka-admin-client-thread | adminclient-1] [                                                 ] org.apache.kafka.clients.NetworkClient   : [AdminClient clientId=adminclient-1] Connection to node -1 (localhost/127.0.0.1:9092) could not be established. Broker may not be available.
2026-01-05T11:50:40.284+05:30  INFO 21104 --- [market-search-service] [kafka-admin-client-thread | adminclient-1] [                                                 ] org.apache.kafka.clients.NetworkClient   : [AdminClient clientId=adminclient-1] Node -1 disconnected.
2026-01-05T11:50:40.284+05:30  WARN 21104 --- [market-search-service] [kafka-admin-client-thread | adminclient-1] [                                                 ] org.apache.kafka.clients.NetworkClient   : [AdminClient clientId=adminclient-1] Connection to node -1 (localhost/127.0.0.1:9092) could not be established. Broker may not be available.
2026-01-05T11:50:41.295+05:30  INFO 21104 --- [market-search-service] [kafka-admin-client-thread | adminclient-1] [                                                 ] org.apache.kafka.clients.NetworkClient   : [AdminClient clientId=adminclient-1] Node -1 disconnected.
2026-01-05T11:50:41.295+05:30  WARN 21104 --- [market-search-service] [kafka-admin-client-thread | adminclient-1] [                                                 ] org.apache.kafka.clients.NetworkClient   : [AdminClient clientId=adminclient-1] Connection to node -1 (localhost/127.0.0.1:9092) could not be established. Broker may not be available.
2026-01-05T11:50:42.532+05:30  INFO 21104 --- [market-search-service] [kafka-admin-client-thread | adminclient-1] [                                                 ] org.apache.kafka.clients.NetworkClient   : [AdminClient clientId=adminclient-1] Node -1 disconnected.
2026-01-05T11:50:42.533+05:30  WARN 21104 --- [market-search-service] [kafka-admin-client-thread | adminclient-1] [                                                 ] org.apache.kafka.clients.NetworkClient   : [AdminClient clientId=adminclient-1] Connection to node -1 (localhost/127.0.0.1:9092) could not be established. Broker may not be available.
2026-01-05T11:50:43.657+05:30  INFO 21104 --- [market-search-service] [kafka-admin-client-thread | adminclient-1] [                                                 ] org.apache.kafka.clients.NetworkClient   : [AdminClient clientId=adminclient-1] Node -1 disconnected.
2026-01-05T11:50:43.658+05:30  WARN 21104 --- [market-search-service] [kafka-admin-client-thread | adminclient-1] [                                                 ] org.apache.kafka.clients.NetworkClient   : [AdminClient clientId=adminclient-1] Connection to node -1 (localhost/127.0.0.1:9092) could not be established. Broker may not be available.
2026-01-05T11:50:44.784+05:30  INFO 21104 --- [market-search-service] [kafka-admin-client-thread | adminclient-1] [                                                 ] org.apache.kafka.clients.NetworkClient   : [AdminClient clientId=adminclient-1] Node -1 disconnected.
2026-01-05T11:50:44.784+05:30  WARN 21104 --- [market-search-service] [kafka-admin-client-thread | adminclient-1] [                                                 ] org.apache.kafka.clients.NetworkClient   : [AdminClient clientId=adminclient-1] Connection to node -1 (localhost/127.0.0.1:9092) could not be established. Broker may not be available.
2026-01-05T11:50:46.015+05:30  INFO 21104 --- [market-search-service] [kafka-admin-client-thread | adminclient-1] [                                                 ] org.apache.kafka.clients.NetworkClient   : [AdminClient clientId=adminclient-1] Node -1 disconnected.
2026-01-05T11:50:46.015+05:30  WARN 21104 --- [market-search-service] [kafka-admin-client-thread | adminclient-1] [                                                 ] org.apache.kafka.clients.NetworkClient   : [AdminClient clientId=adminclient-1] Connection to node -1 (localhost/127.0.0.1:9092) could not be established. Broker may not be available.
2026-01-05T11:50:47.136+05:30  INFO 21104 --- [market-search-service] [kafka-admin-client-thread | adminclient-1] [                                                 ] org.apache.kafka.clients.NetworkClient   : [AdminClient clientId=adminclient-1] Node -1 disconnected.
2026-01-05T11:50:47.136+05:30  WARN 21104 --- [market-search-service] [kafka-admin-client-thread | adminclient-1] [                                                 ] org.apache.kafka.clients.NetworkClient   : [AdminClient clientId=adminclient-1] Connection to node -1 (localhost/127.0.0.1:9092) could not be established. Broker may not be available.
2026-01-05T11:50:48.260+05:30  INFO 21104 --- [market-search-service] [kafka-admin-client-thread | adminclient-1] [                                                 ] org.apache.kafka.clients.NetworkClient   : [AdminClient clientId=adminclient-1] Node -1 disconnected.
2026-01-05T11:50:48.260+05:30  WARN 21104 --- [market-search-service] [kafka-admin-client-thread | adminclient-1] [                                                 ] org.apache.kafka.clients.NetworkClient   : [AdminClient clientId=adminclient-1] Connection to node -1 (localhost/127.0.0.1:9092) could not be established. Broker may not be available.
2026-01-05T11:50:49.264+05:30  INFO 21104 --- [market-search-service] [kafka-admin-client-thread | adminclient-1] [                                                 ] org.apache.kafka.clients.NetworkClient   : [AdminClient clientId=adminclient-1] Node -1 disconnected.
2026-01-05T11:50:49.264+05:30  WARN 21104 --- [market-search-service] [kafka-admin-client-thread | adminclient-1] [                                                 ] org.apache.kafka.clients.NetworkClient   : [AdminClient clientId=adminclient-1] Connection to node -1 (localhost/127.0.0.1:9092) could not be established. Broker may not be available.
2026-01-05T11:50:50.158+05:30  INFO 21104 --- [market-search-service] [kafka-admin-client-thread | adminclient-1] [                                                 ] org.apache.kafka.clients.NetworkClient   : [AdminClient clientId=adminclient-1] Node -1 disconnected.
2026-01-05T11:50:50.159+05:30  WARN 21104 --- [market-search-service] [kafka-admin-client-thread | adminclient-1] [                                                 ] org.apache.kafka.clients.NetworkClient   : [AdminClient clientId=adminclient-1] Connection to node -1 (localhost/127.0.0.1:9092) could not be established. Broker may not be available.
2026-01-05T11:50:51.054+05:30  INFO 21104 --- [market-search-service] [kafka-admin-client-thread | adminclient-1] [                                                 ] org.apache.kafka.clients.NetworkClient   : [AdminClient clientId=adminclient-1] Node -1 disconnected.
2026-01-05T11:50:51.054+05:30  WARN 21104 --- [market-search-service] [kafka-admin-client-thread | adminclient-1] [                                                 ] org.apache.kafka.clients.NetworkClient   : [AdminClient clientId=adminclient-1] Connection to node -1 (localhost/127.0.0.1:9092) could not be established. Broker may not be available.
2026-01-05T11:50:52.163+05:30  INFO 21104 --- [market-search-service] [kafka-admin-client-thread | adminclient-1] [                                                 ] org.apache.kafka.clients.NetworkClient   : [AdminClient clientId=adminclient-1] Node -1 disconnected.
2026-01-05T11:50:52.163+05:30  WARN 21104 --- [market-search-service] [kafka-admin-client-thread | adminclient-1] [                                                 ] org.apache.kafka.clients.NetworkClient   : [AdminClient clientId=adminclient-1] Connection to node -1 (localhost/127.0.0.1:9092) could not be established. Broker may not be available.
2026-01-05T11:50:53.068+05:30  INFO 21104 --- [market-search-service] [kafka-admin-client-thread | adminclient-1] [                                                 ] org.apache.kafka.clients.NetworkClient   : [AdminClient clientId=adminclient-1] Node -1 disconnected.
2026-01-05T11:50:53.068+05:30  WARN 21104 --- [market-search-service] [kafka-admin-client-thread | adminclient-1] [                                                 ] org.apache.kafka.clients.NetworkClient   : [AdminClient clientId=adminclient-1] Connection to node -1 (localhost/127.0.0.1:9092) could not be established. Broker may not be available.
2026-01-05T11:50:54.184+05:30  INFO 21104 --- [market-search-service] [kafka-admin-client-thread | adminclient-1] [                                                 ] org.apache.kafka.clients.NetworkClient   : [AdminClient clientId=adminclient-1] Node -1 disconnected.
2026-01-05T11:50:54.184+05:30  WARN 21104 --- [market-search-service] [kafka-admin-client-thread | adminclient-1] [                                                 ] org.apache.kafka.clients.NetworkClient   : [AdminClient clientId=adminclient-1] Connection to node -1 (localhost/127.0.0.1:9092) could not be established. Broker may not be available.
2026-01-05T11:50:55.190+05:30  INFO 21104 --- [market-search-service] [kafka-admin-client-thread | adminclient-1] [                                                 ] org.apache.kafka.clients.NetworkClient   : [AdminClient clientId=adminclient-1] Node -1 disconnected.
2026-01-05T11:50:55.190+05:30  WARN 21104 --- [market-search-service] [kafka-admin-client-thread | adminclient-1] [                                                 ] org.apache.kafka.clients.NetworkClient   : [AdminClient clientId=adminclient-1] Connection to node -1 (localhost/127.0.0.1:9092) could not be established. Broker may not be available.
2026-01-05T11:50:56.423+05:30  INFO 21104 --- [market-search-service] [kafka-admin-client-thread | adminclient-1] [                                                 ] org.apache.kafka.clients.NetworkClient   : [AdminClient clientId=adminclient-1] Node -1 disconnected.
2026-01-05T11:50:56.426+05:30  WARN 21104 --- [market-search-service] [kafka-admin-client-thread | adminclient-1] [                                                 ] org.apache.kafka.clients.NetworkClient   : [AdminClient clientId=adminclient-1] Connection to node -1 (localhost/127.0.0.1:9092) could not be established. Broker may not be available.
2026-01-05T11:50:57.532+05:30  INFO 21104 --- [market-search-service] [kafka-admin-client-thread | adminclient-1] [                                                 ] org.apache.kafka.clients.NetworkClient   : [AdminClient clientId=adminclient-1] Node -1 disconnected.
2026-01-05T11:50:57.532+05:30  WARN 21104 --- [market-search-service] [kafka-admin-client-thread | adminclient-1] [                                                 ] org.apache.kafka.clients.NetworkClient   : [AdminClient clientId=adminclient-1] Connection to node -1 (localhost/127.0.0.1:9092) could not be established. Broker may not be available.
2026-01-05T11:50:58.227+05:30  INFO 21104 --- [market-search-service] [kafka-admin-client-thread | adminclient-1] [                                                 ] o.a.k.c.a.i.AdminMetadataManager         : [AdminClient clientId=adminclient-1] Metadata update failed

org.apache.kafka.common.errors.TimeoutException: Timed out waiting for a node assignment. Call: fetchMetadata

2026-01-05T11:50:58.243+05:30 ERROR 21104 --- [market-search-service] [restartedMain] [                                                 ] o.springframework.kafka.core.KafkaAdmin  : Could not configure topics

org.springframework.kafka.KafkaException: Timed out waiting to get existing topics
	at org.springframework.kafka.core.KafkaAdmin.lambda$checkPartitions$11(KafkaAdmin.java:532) ~[spring-kafka-3.1.10.jar:3.1.10]
	at java.base/java.util.HashMap.forEach(HashMap.java:1421) ~[na:na]
	at org.springframework.kafka.core.KafkaAdmin.checkPartitions(KafkaAdmin.java:511) ~[spring-kafka-3.1.10.jar:3.1.10]
	at org.springframework.kafka.core.KafkaAdmin.addOrModifyTopicsIfNeeded(KafkaAdmin.java:404) ~[spring-kafka-3.1.10.jar:3.1.10]
	at org.springframework.kafka.core.KafkaAdmin.initialize(KafkaAdmin.java:270) ~[spring-kafka-3.1.10.jar:3.1.10]
	at org.springframework.kafka.core.KafkaAdmin.afterSingletonsInstantiated(KafkaAdmin.java:234) ~[spring-kafka-3.1.10.jar:3.1.10]
	at org.springframework.beans.factory.support.DefaultListableBeanFactory.preInstantiateSingletons(DefaultListableBeanFactory.java:986) ~[spring-beans-6.1.15.jar:6.1.15]
	at org.springframework.context.support.AbstractApplicationContext.finishBeanFactoryInitialization(AbstractApplicationContext.java:971) ~[spring-context-6.1.15.jar:6.1.15]
	at org.springframework.context.support.AbstractApplicationContext.refresh(AbstractApplicationContext.java:625) ~[spring-context-6.1.15.jar:6.1.15]
	at org.springframework.boot.web.servlet.context.ServletWebServerApplicationContext.refresh(ServletWebServerApplicationContext.java:146) ~[spring-boot-3.2.12.jar:3.2.12]
	at org.springframework.boot.SpringApplication.refresh(SpringApplication.java:754) ~[spring-boot-3.2.12.jar:3.2.12]
	at org.springframework.boot.SpringApplication.refreshContext(SpringApplication.java:456) ~[spring-boot-3.2.12.jar:3.2.12]
	at org.springframework.boot.SpringApplication.run(SpringApplication.java:335) ~[spring-boot-3.2.12.jar:3.2.12]
	at org.springframework.boot.SpringApplication.run(SpringApplication.java:1363) ~[spring-boot-3.2.12.jar:3.2.12]
	at org.springframework.boot.SpringApplication.run(SpringApplication.java:1352) ~[spring-boot-3.2.12.jar:3.2.12]
	at com.market.marketsearchservice.MarketSearchServiceApplication.main(MarketSearchServiceApplication.java:21) ~[classes/:na]
	at java.base/jdk.internal.reflect.NativeMethodAccessorImpl.invoke0(Native Method) ~[na:na]
	at java.base/jdk.internal.reflect.NativeMethodAccessorImpl.invoke(NativeMethodAccessorImpl.java:77) ~[na:na]
	at java.base/jdk.internal.reflect.DelegatingMethodAccessorImpl.invoke(DelegatingMethodAccessorImpl.java:43) ~[na:na]
	at java.base/java.lang.reflect.Method.invoke(Method.java:568) ~[na:na]
	at org.springframework.boot.devtools.restart.RestartLauncher.run(RestartLauncher.java:50) ~[spring-boot-devtools-3.2.12.jar:3.2.12]
Caused by: java.util.concurrent.TimeoutException: null
	at java.base/java.util.concurrent.CompletableFuture.timedGet(CompletableFuture.java:1960) ~[na:na]
	at java.base/java.util.concurrent.CompletableFuture.get(CompletableFuture.java:2095) ~[na:na]
	at org.apache.kafka.common.internals.KafkaFutureImpl.get(KafkaFutureImpl.java:180) ~[kafka-clients-3.6.2.jar:na]
	at org.springframework.kafka.core.KafkaAdmin.lambda$checkPartitions$11(KafkaAdmin.java:514) ~[spring-kafka-3.1.10.jar:3.1.10]
	... 20 common frames omitted

2026-01-05T11:50:58.687+05:30  INFO 21104 --- [market-search-service] [kafka-admin-client-thread | adminclient-1] [                                                 ] org.apache.kafka.clients.NetworkClient   : [AdminClient clientId=adminclient-1] Node -1 disconnected.
2026-01-05T11:50:58.687+05:30  WARN 21104 --- [market-search-service] [kafka-admin-client-thread | adminclient-1] [                                                 ] org.apache.kafka.clients.NetworkClient   : [AdminClient clientId=adminclient-1] Connection to node -1 (localhost/127.0.0.1:9092) could not be established. Broker may not be available.
2026-01-05T11:50:59.799+05:30  INFO 21104 --- [market-search-service] [kafka-admin-client-thread | adminclient-1] [                                                 ] org.apache.kafka.clients.NetworkClient   : [AdminClient clientId=adminclient-1] Node -1 disconnected.
2026-01-05T11:50:59.801+05:30  WARN 21104 --- [market-search-service] [kafka-admin-client-thread | adminclient-1] [                                                 ] org.apache.kafka.clients.NetworkClient   : [AdminClient clientId=adminclient-1] Connection to node -1 (localhost/127.0.0.1:9092) could not be established. Broker may not be available.
2026-01-05T11:51:00.812+05:30  INFO 21104 --- [market-search-service] [kafka-admin-client-thread | adminclient-1] [                                                 ] org.apache.kafka.clients.NetworkClient   : [AdminClient clientId=adminclient-1] Node -1 disconnected.
2026-01-05T11:51:00.812+05:30  WARN 21104 --- [market-search-service] [kafka-admin-client-thread | adminclient-1] [                                                 ] org.apache.kafka.clients.NetworkClient   : [AdminClient clientId=adminclient-1] Connection to node -1 (localhost/127.0.0.1:9092) could not be established. Broker may not be available.
2026-01-05T11:51:01.918+05:30  INFO 21104 --- [market-search-service] [kafka-admin-client-thread | adminclient-1] [                                                 ] org.apache.kafka.clients.NetworkClient   : [AdminClient clientId=adminclient-1] Node -1 disconnected.
2026-01-05T11:51:01.918+05:30  WARN 21104 --- [market-search-service] [kafka-admin-client-thread | adminclient-1] [                                                 ] org.apache.kafka.clients.NetworkClient   : [AdminClient clientId=adminclient-1] Connection to node -1 (localhost/127.0.0.1:9092) could not be established. Broker may not be available.
2026-01-05T11:51:03.154+05:30  INFO 21104 --- [market-search-service] [kafka-admin-client-thread | adminclient-1] [                                                 ] org.apache.kafka.clients.NetworkClient   : [AdminClient clientId=adminclient-1] Node -1 disconnected.
2026-01-05T11:51:03.154+05:30  WARN 21104 --- [market-search-service] [kafka-admin-client-thread | adminclient-1] [                                                 ] org.apache.kafka.clients.NetworkClient   : [AdminClient clientId=adminclient-1] Connection to node -1 (localhost/127.0.0.1:9092) could not be established. Broker may not be available.
2026-01-05T11:51:04.383+05:30  INFO 21104 --- [market-search-service] [kafka-admin-client-thread | adminclient-1] [                                                 ] org.apache.kafka.clients.NetworkClient   : [AdminClient clientId=adminclient-1] Node -1 disconnected.
2026-01-05T11:51:04.383+05:30  WARN 21104 --- [market-search-service] [kafka-admin-client-thread | adminclient-1] [                                                 ] org.apache.kafka.clients.NetworkClient   : [AdminClient clientId=adminclient-1] Connection to node -1 (localhost/127.0.0.1:9092) could not be established. Broker may not be available.
2026-01-05T11:51:05.274+05:30  INFO 21104 --- [market-search-service] [kafka-admin-client-thread | adminclient-1] [                                                 ] org.apache.kafka.clients.NetworkClient   : [AdminClient clientId=adminclient-1] Node -1 disconnected.
2026-01-05T11:51:05.274+05:30  WARN 21104 --- [market-search-service] [kafka-admin-client-thread | adminclient-1] [                                                 ] org.apache.kafka.clients.NetworkClient   : [AdminClient clientId=adminclient-1] Connection to node -1 (localhost/127.0.0.1:9092) could not be established. Broker may not be available.
2026-01-05T11:51:06.284+05:30  INFO 21104 --- [market-search-service] [kafka-admin-client-thread | adminclient-1] [                                                 ] org.apache.kafka.clients.NetworkClient   : [AdminClient clientId=adminclient-1] Node -1 disconnected.
2026-01-05T11:51:06.284+05:30  WARN 21104 --- [market-search-service] [kafka-admin-client-thread | adminclient-1] [                                                 ] org.apache.kafka.clients.NetworkClient   : [AdminClient clientId=adminclient-1] Connection to node -1 (localhost/127.0.0.1:9092) could not be established. Broker may not be available.
2026-01-05T11:51:07.395+05:30  INFO 21104 --- [market-search-service] [kafka-admin-client-thread | adminclient-1] [                                                 ] org.apache.kafka.clients.NetworkClient   : [AdminClient clientId=adminclient-1] Node -1 disconnected.
2026-01-05T11:51:07.395+05:30  WARN 21104 --- [market-search-service] [kafka-admin-client-thread | adminclient-1] [                                                 ] org.apache.kafka.clients.NetworkClient   : [AdminClient clientId=adminclient-1] Connection to node -1 (localhost/127.0.0.1:9092) could not be established. Broker may not be available.
2026-01-05T11:51:08.261+05:30  INFO 21104 --- [market-search-service] [kafka-admin-client-thread | adminclient-1] [                                                 ] o.a.k.clients.admin.KafkaAdminClient     : [AdminClient clientId=adminclient-1] Forcing a hard I/O thread shutdown. Requests in progress will be aborted.
2026-01-05T11:51:08.261+05:30  INFO 21104 --- [market-search-service] [kafka-admin-client-thread | adminclient-1] [                                                 ] o.a.kafka.common.utils.AppInfoParser     : App info kafka.admin.client for adminclient-1 unregistered
2026-01-05T11:51:08.261+05:30  INFO 21104 --- [market-search-service] [kafka-admin-client-thread | adminclient-1] [                                                 ] o.a.k.c.a.i.AdminMetadataManager         : [AdminClient clientId=adminclient-1] Metadata update failed

org.apache.kafka.common.errors.TimeoutException: The AdminClient thread has exited. Call: fetchMetadata

2026-01-05T11:51:08.261+05:30  INFO 21104 --- [market-search-service] [kafka-admin-client-thread | adminclient-1] [                                                 ] o.a.k.clients.admin.KafkaAdminClient     : [AdminClient clientId=adminclient-1] Timed out 2 remaining operation(s) during close.
2026-01-05T11:51:08.263+05:30  INFO 21104 --- [market-search-service] [kafka-admin-client-thread | adminclient-1] [                                                 ] o.apache.kafka.common.metrics.Metrics    : Metrics scheduler closed
2026-01-05T11:51:08.263+05:30  INFO 21104 --- [market-search-service] [kafka-admin-client-thread | adminclient-1] [                                                 ] o.apache.kafka.common.metrics.Metrics    : Closing reporter org.apache.kafka.common.metrics.JmxReporter
2026-01-05T11:51:08.263+05:30  INFO 21104 --- [market-search-service] [kafka-admin-client-thread | adminclient-1] [                                                 ] o.apache.kafka.common.metrics.Metrics    : Metrics reporters closed
2026-01-05T11:51:08.289+05:30  INFO 21104 --- [market-search-service] [restartedMain] [                                                 ] o.s.c.n.eureka.InstanceInfoFactory       : Setting initial instance status as: STARTING
2026-01-05T11:51:08.338+05:30  INFO 21104 --- [market-search-service] [restartedMain] [                                                 ] com.netflix.discovery.DiscoveryClient    : Initializing Eureka in region us-east-1
2026-01-05T11:51:08.345+05:30  INFO 21104 --- [market-search-service] [restartedMain] [                                                 ] c.n.d.s.r.aws.ConfigClusterResolver      : Resolving eureka endpoints via configuration
2026-01-05T11:51:08.360+05:30  INFO 21104 --- [market-search-service] [restartedMain] [                                                 ] com.netflix.discovery.DiscoveryClient    : Disable delta property : false
2026-01-05T11:51:08.360+05:30  INFO 21104 --- [market-search-service] [restartedMain] [                                                 ] com.netflix.discovery.DiscoveryClient    : Single vip registry refresh property : null
2026-01-05T11:51:08.360+05:30  INFO 21104 --- [market-search-service] [restartedMain] [                                                 ] com.netflix.discovery.DiscoveryClient    : Force full registry fetch : false
2026-01-05T11:51:08.360+05:30  INFO 21104 --- [market-search-service] [restartedMain] [                                                 ] com.netflix.discovery.DiscoveryClient    : Application is null : false
2026-01-05T11:51:08.360+05:30  INFO 21104 --- [market-search-service] [restartedMain] [                                                 ] com.netflix.discovery.DiscoveryClient    : Registered Applications size is zero : true
2026-01-05T11:51:08.360+05:30  INFO 21104 --- [market-search-service] [restartedMain] [                                                 ] com.netflix.discovery.DiscoveryClient    : Application version is -1: true
2026-01-05T11:51:08.360+05:30  INFO 21104 --- [market-search-service] [restartedMain] [                                                 ] com.netflix.discovery.DiscoveryClient    : Getting all instance registry info from the eureka server
2026-01-05T11:51:08.912+05:30  INFO 21104 --- [market-search-service] [restartedMain] [                                                 ] c.n.d.s.t.d.RedirectingEurekaHttpClient  : Request execution error. endpoint=DefaultEndpoint{ serviceUrl='http://localhost:8761/eureka/}, exception=I/O error on GET request for "http://localhost:8761/eureka/apps/": Connect to http://localhost:8761 [localhost/127.0.0.1, localhost/0:0:0:0:0:0:0:1] failed: Connection refused: no further information stacktrace=org.springframework.web.client.ResourceAccessException: I/O error on GET request for "http://localhost:8761/eureka/apps/": Connect to http://localhost:8761 [localhost/127.0.0.1, localhost/0:0:0:0:0:0:0:1] failed: Connection refused: no further information
	at org.springframework.web.client.RestTemplate.createResourceAccessException(RestTemplate.java:915)
	at org.springframework.web.client.RestTemplate.doExecute(RestTemplate.java:895)
	at org.springframework.web.client.RestTemplate.execute(RestTemplate.java:830)
	at org.springframework.web.client.RestTemplate.exchange(RestTemplate.java:691)
	at org.springframework.cloud.netflix.eureka.http.RestTemplateEurekaHttpClient.getApplicationsInternal(RestTemplateEurekaHttpClient.java:170)
	at org.springframework.cloud.netflix.eureka.http.RestTemplateEurekaHttpClient.getApplications(RestTemplateEurekaHttpClient.java:158)
	at com.netflix.discovery.shared.transport.decorator.EurekaHttpClientDecorator$6.execute(EurekaHttpClientDecorator.java:137)
	at com.netflix.discovery.shared.transport.decorator.RedirectingEurekaHttpClient.executeOnNewServer(RedirectingEurekaHttpClient.java:121)
	at com.netflix.discovery.shared.transport.decorator.RedirectingEurekaHttpClient.execute(RedirectingEurekaHttpClient.java:80)
	at com.netflix.discovery.shared.transport.decorator.EurekaHttpClientDecorator.getApplications(EurekaHttpClientDecorator.java:134)
	at com.netflix.discovery.shared.transport.decorator.EurekaHttpClientDecorator$6.execute(EurekaHttpClientDecorator.java:137)
	at com.netflix.discovery.shared.transport.decorator.RetryableEurekaHttpClient.execute(RetryableEurekaHttpClient.java:120)
	at com.netflix.discovery.shared.transport.decorator.EurekaHttpClientDecorator.getApplications(EurekaHttpClientDecorator.java:134)
	at com.netflix.discovery.shared.transport.decorator.EurekaHttpClientDecorator$6.execute(EurekaHttpClientDecorator.java:137)
	at com.netflix.discovery.shared.transport.decorator.SessionedEurekaHttpClient.execute(SessionedEurekaHttpClient.java:76)
	at com.netflix.discovery.shared.transport.decorator.EurekaHttpClientDecorator.getApplications(EurekaHttpClientDecorator.java:134)
	at com.netflix.discovery.DiscoveryClient.getAndStoreFullRegistry(DiscoveryClient.java:1046)
	at com.netflix.discovery.DiscoveryClient.fetchRegistry(DiscoveryClient.java:961)
	at com.netflix.discovery.DiscoveryClient.<init>(DiscoveryClient.java:410)
	at com.netflix.discovery.DiscoveryClient.<init>(DiscoveryClient.java:245)
	at com.netflix.discovery.DiscoveryClient.<init>(DiscoveryClient.java:240)
	at org.springframework.cloud.netflix.eureka.CloudEurekaClient.<init>(CloudEurekaClient.java:68)
	at org.springframework.cloud.netflix.eureka.EurekaClientAutoConfiguration$RefreshableEurekaClientConfiguration.eurekaClient(EurekaClientAutoConfiguration.java:324)
	at java.base/jdk.internal.reflect.NativeMethodAccessorImpl.invoke0(Native Method)
	at java.base/jdk.internal.reflect.NativeMethodAccessorImpl.invoke(NativeMethodAccessorImpl.java:77)
	at java.base/jdk.internal.reflect.DelegatingMethodAccessorImpl.invoke(DelegatingMethodAccessorImpl.java:43)
	at java.base/java.lang.reflect.Method.invoke(Method.java:568)
	at org.springframework.beans.factory.support.SimpleInstantiationStrategy.instantiate(SimpleInstantiationStrategy.java:146)
	at org.springframework.beans.factory.support.ConstructorResolver.instantiate(ConstructorResolver.java:644)
	at org.springframework.beans.factory.support.ConstructorResolver.instantiateUsingFactoryMethod(ConstructorResolver.java:636)
	at org.springframework.beans.factory.support.AbstractAutowireCapableBeanFactory.instantiateUsingFactoryMethod(AbstractAutowireCapableBeanFactory.java:1355)
	at org.springframework.beans.factory.support.AbstractAutowireCapableBeanFactory.createBeanInstance(AbstractAutowireCapableBeanFactory.java:1185)
	at org.springframework.beans.factory.support.AbstractAutowireCapableBeanFactory.doCreateBean(AbstractAutowireCapableBeanFactory.java:562)
	at org.springframework.beans.factory.support.AbstractAutowireCapableBeanFactory.createBean(AbstractAutowireCapableBeanFactory.java:522)
	at org.springframework.beans.factory.support.AbstractBeanFactory.lambda$doGetBean$1(AbstractBeanFactory.java:376)
	at org.springframework.cloud.context.scope.GenericScope$BeanLifecycleWrapper.getBean(GenericScope.java:375)
	at org.springframework.cloud.context.scope.GenericScope.get(GenericScope.java:179)
	at org.springframework.beans.factory.support.AbstractBeanFactory.doGetBean(AbstractBeanFactory.java:373)
	at org.springframework.beans.factory.support.AbstractBeanFactory.getBean(AbstractBeanFactory.java:200)
	at org.springframework.aop.target.SimpleBeanTargetSource.getTarget(SimpleBeanTargetSource.java:35)
	at org.springframework.cloud.netflix.eureka.serviceregistry.EurekaRegistration.getTargetObject(EurekaRegistration.java:128)
	at org.springframework.cloud.netflix.eureka.serviceregistry.EurekaRegistration.getEurekaClient(EurekaRegistration.java:116)
	at java.base/jdk.internal.reflect.NativeMethodAccessorImpl.invoke0(Native Method)
	at java.base/jdk.internal.reflect.NativeMethodAccessorImpl.invoke(NativeMethodAccessorImpl.java:77)
	at java.base/jdk.internal.reflect.DelegatingMethodAccessorImpl.invoke(DelegatingMethodAccessorImpl.java:43)
	at java.base/java.lang.reflect.Method.invoke(Method.java:568)
	at org.springframework.util.ReflectionUtils.invokeMethod(ReflectionUtils.java:281)
	at org.springframework.cloud.context.scope.GenericScope$LockedScopedProxyFactoryBean.invoke(GenericScope.java:482)
	at org.springframework.aop.framework.ReflectiveMethodInvocation.proceed(ReflectiveMethodInvocation.java:184)
	at org.springframework.aop.framework.CglibAopProxy$CglibMethodInvocation.proceed(CglibAopProxy.java:768)
	at org.springframework.aop.framework.CglibAopProxy$DynamicAdvisedInterceptor.intercept(CglibAopProxy.java:720)
	at org.springframework.cloud.netflix.eureka.serviceregistry.EurekaRegistration$$SpringCGLIB$$0.getEurekaClient(<generated>)
	at org.springframework.cloud.netflix.eureka.serviceregistry.EurekaServiceRegistry.maybeInitializeClient(EurekaServiceRegistry.java:83)
	at org.springframework.cloud.netflix.eureka.serviceregistry.EurekaServiceRegistry.register(EurekaServiceRegistry.java:66)
	at org.springframework.cloud.netflix.eureka.serviceregistry.EurekaAutoServiceRegistration.start(EurekaAutoServiceRegistration.java:89)
	at org.springframework.context.support.DefaultLifecycleProcessor.doStart(DefaultLifecycleProcessor.java:285)
	at org.springframework.context.support.DefaultLifecycleProcessor$LifecycleGroup.start(DefaultLifecycleProcessor.java:472)
	at java.base/java.lang.Iterable.forEach(Iterable.java:75)
	at org.springframework.context.support.DefaultLifecycleProcessor.startBeans(DefaultLifecycleProcessor.java:257)
	at org.springframework.context.support.DefaultLifecycleProcessor.onRefresh(DefaultLifecycleProcessor.java:202)
	at org.springframework.context.support.AbstractApplicationContext.finishRefresh(AbstractApplicationContext.java:990)
	at org.springframework.context.support.AbstractApplicationContext.refresh(AbstractApplicationContext.java:628)
	at org.springframework.boot.web.servlet.context.ServletWebServerApplicationContext.refresh(ServletWebServerApplicationContext.java:146)
	at org.springframework.boot.SpringApplication.refresh(SpringApplication.java:754)
	at org.springframework.boot.SpringApplication.refreshContext(SpringApplication.java:456)
	at org.springframework.boot.SpringApplication.run(SpringApplication.java:335)
	at org.springframework.boot.SpringApplication.run(SpringApplication.java:1363)
	at org.springframework.boot.SpringApplication.run(SpringApplication.java:1352)
	at com.market.marketsearchservice.MarketSearchServiceApplication.main(MarketSearchServiceApplication.java:21)
	at java.base/jdk.internal.reflect.NativeMethodAccessorImpl.invoke0(Native Method)
	at java.base/jdk.internal.reflect.NativeMethodAccessorImpl.invoke(NativeMethodAccessorImpl.java:77)
	at java.base/jdk.internal.reflect.DelegatingMethodAccessorImpl.invoke(DelegatingMethodAccessorImpl.java:43)
	at java.base/java.lang.reflect.Method.invoke(Method.java:568)
	at org.springframework.boot.devtools.restart.RestartLauncher.run(RestartLauncher.java:50)
Caused by: org.apache.hc.client5.http.HttpHostConnectException: Connect to http://localhost:8761 [localhost/127.0.0.1, localhost/0:0:0:0:0:0:0:1] failed: Connection refused: no further information
	at java.base/sun.nio.ch.Net.pollConnect(Native Method)
	at java.base/sun.nio.ch.Net.pollConnectNow(Net.java:672)
	at java.base/sun.nio.ch.NioSocketImpl.timedFinishConnect(NioSocketImpl.java:547)
	at java.base/sun.nio.ch.NioSocketImpl.connect(NioSocketImpl.java:602)
	at java.base/java.net.SocksSocketImpl.connect(SocksSocketImpl.java:327)
	at java.base/java.net.Socket.connect(Socket.java:633)
	at org.apache.hc.client5.http.socket.PlainConnectionSocketFactory.lambda$connectSocket$0(PlainConnectionSocketFactory.java:91)
	at java.base/java.security.AccessController.doPrivileged(AccessController.java:569)
	at org.apache.hc.client5.http.socket.PlainConnectionSocketFactory.connectSocket(PlainConnectionSocketFactory.java:90)
	at org.apache.hc.client5.http.socket.ConnectionSocketFactory.connectSocket(ConnectionSocketFactory.java:123)
	at org.apache.hc.client5.http.impl.io.DefaultHttpClientConnectionOperator.connect(DefaultHttpClientConnectionOperator.java:184)
	at org.apache.hc.client5.http.impl.io.PoolingHttpClientConnectionManager.connect(PoolingHttpClientConnectionManager.java:447)
	at org.apache.hc.client5.http.impl.classic.InternalExecRuntime.connectEndpoint(InternalExecRuntime.java:162)
	at org.apache.hc.client5.http.impl.classic.InternalExecRuntime.connectEndpoint(InternalExecRuntime.java:172)
	at org.apache.hc.client5.http.impl.classic.ConnectExec.execute(ConnectExec.java:142)
	at org.apache.hc.client5.http.impl.classic.ExecChainElement.execute(ExecChainElement.java:51)
	at org.apache.hc.client5.http.impl.classic.ProtocolExec.execute(ProtocolExec.java:192)
	at org.apache.hc.client5.http.impl.classic.ExecChainElement.execute(ExecChainElement.java:51)
	at org.apache.hc.client5.http.impl.classic.HttpRequestRetryExec.execute(HttpRequestRetryExec.java:96)
	at org.apache.hc.client5.http.impl.classic.ExecChainElement.execute(ExecChainElement.java:51)
	at org.apache.hc.client5.http.impl.classic.ContentCompressionExec.execute(ContentCompressionExec.java:152)
	at org.apache.hc.client5.http.impl.classic.ExecChainElement.execute(ExecChainElement.java:51)
	at org.apache.hc.client5.http.impl.classic.RedirectExec.execute(RedirectExec.java:115)
	at org.apache.hc.client5.http.impl.classic.ExecChainElement.execute(ExecChainElement.java:51)
	at org.apache.hc.client5.http.impl.classic.InternalHttpClient.doExecute(InternalHttpClient.java:170)
	at org.apache.hc.client5.http.impl.classic.CloseableHttpClient.execute(CloseableHttpClient.java:87)
	at org.apache.hc.client5.http.impl.classic.CloseableHttpClient.execute(CloseableHttpClient.java:55)
	at org.apache.hc.client5.http.classic.HttpClient.executeOpen(HttpClient.java:183)
	at org.springframework.http.client.HttpComponentsClientHttpRequest.executeInternal(HttpComponentsClientHttpRequest.java:99)
	at org.springframework.http.client.AbstractStreamingClientHttpRequest.executeInternal(AbstractStreamingClientHttpRequest.java:70)
	at org.springframework.http.client.AbstractClientHttpRequest.execute(AbstractClientHttpRequest.java:66)
	at org.springframework.http.client.InterceptingClientHttpRequest$InterceptingRequestExecution.execute(InterceptingClientHttpRequest.java:112)
	at org.springframework.cloud.netflix.eureka.http.RestTemplateTransportClientFactory.lambda$restTemplate$3(RestTemplateTransportClientFactory.java:170)
	at org.springframework.http.client.InterceptingClientHttpRequest$InterceptingRequestExecution.execute(InterceptingClientHttpRequest.java:88)
	at org.springframework.http.client.InterceptingClientHttpRequest.executeInternal(InterceptingClientHttpRequest.java:72)
	at org.springframework.http.client.AbstractBufferingClientHttpRequest.executeInternal(AbstractBufferingClientHttpRequest.java:48)
	at org.springframework.http.client.AbstractClientHttpRequest.execute(AbstractClientHttpRequest.java:66)
	at org.springframework.web.client.RestTemplate.doExecute(RestTemplate.java:889)
	... 72 more

2026-01-05T11:51:08.912+05:30  WARN 21104 --- [market-search-service] [restartedMain] [                                                 ] c.n.d.s.t.d.RetryableEurekaHttpClient    : Request execution failed with message: I/O error on GET request for "http://localhost:8761/eureka/apps/": Connect to http://localhost:8761 [localhost/127.0.0.1, localhost/0:0:0:0:0:0:0:1] failed: Connection refused: no further information
2026-01-05T11:51:08.912+05:30  INFO 21104 --- [market-search-service] [restartedMain] [                                                 ] com.netflix.discovery.DiscoveryClient    : DiscoveryClient_MARKET-SEARCH-SERVICE/TSIN21-NB044.infostretch.com:market-search-service:8090 - was unable to refresh its cache! This periodic background refresh will be retried in 30 seconds. status = Cannot execute request on any known server stacktrace = com.netflix.discovery.shared.transport.TransportException: Cannot execute request on any known server
	at com.netflix.discovery.shared.transport.decorator.RetryableEurekaHttpClient.execute(RetryableEurekaHttpClient.java:112)
	at com.netflix.discovery.shared.transport.decorator.EurekaHttpClientDecorator.getApplications(EurekaHttpClientDecorator.java:134)
	at com.netflix.discovery.shared.transport.decorator.EurekaHttpClientDecorator$6.execute(EurekaHttpClientDecorator.java:137)
	at com.netflix.discovery.shared.transport.decorator.SessionedEurekaHttpClient.execute(SessionedEurekaHttpClient.java:76)
	at com.netflix.discovery.shared.transport.decorator.EurekaHttpClientDecorator.getApplications(EurekaHttpClientDecorator.java:134)
	at com.netflix.discovery.DiscoveryClient.getAndStoreFullRegistry(DiscoveryClient.java:1046)
	at com.netflix.discovery.DiscoveryClient.fetchRegistry(DiscoveryClient.java:961)
	at com.netflix.discovery.DiscoveryClient.<init>(DiscoveryClient.java:410)
	at com.netflix.discovery.DiscoveryClient.<init>(DiscoveryClient.java:245)
	at com.netflix.discovery.DiscoveryClient.<init>(DiscoveryClient.java:240)
	at org.springframework.cloud.netflix.eureka.CloudEurekaClient.<init>(CloudEurekaClient.java:68)
	at org.springframework.cloud.netflix.eureka.EurekaClientAutoConfiguration$RefreshableEurekaClientConfiguration.eurekaClient(EurekaClientAutoConfiguration.java:324)
	at java.base/jdk.internal.reflect.NativeMethodAccessorImpl.invoke0(Native Method)
	at java.base/jdk.internal.reflect.NativeMethodAccessorImpl.invoke(NativeMethodAccessorImpl.java:77)
	at java.base/jdk.internal.reflect.DelegatingMethodAccessorImpl.invoke(DelegatingMethodAccessorImpl.java:43)
	at java.base/java.lang.reflect.Method.invoke(Method.java:568)
	at org.springframework.beans.factory.support.SimpleInstantiationStrategy.instantiate(SimpleInstantiationStrategy.java:146)
	at org.springframework.beans.factory.support.ConstructorResolver.instantiate(ConstructorResolver.java:644)
	at org.springframework.beans.factory.support.ConstructorResolver.instantiateUsingFactoryMethod(ConstructorResolver.java:636)
	at org.springframework.beans.factory.support.AbstractAutowireCapableBeanFactory.instantiateUsingFactoryMethod(AbstractAutowireCapableBeanFactory.java:1355)
	at org.springframework.beans.factory.support.AbstractAutowireCapableBeanFactory.createBeanInstance(AbstractAutowireCapableBeanFactory.java:1185)
	at org.springframework.beans.factory.support.AbstractAutowireCapableBeanFactory.doCreateBean(AbstractAutowireCapableBeanFactory.java:562)
	at org.springframework.beans.factory.support.AbstractAutowireCapableBeanFactory.createBean(AbstractAutowireCapableBeanFactory.java:522)
	at org.springframework.beans.factory.support.AbstractBeanFactory.lambda$doGetBean$1(AbstractBeanFactory.java:376)
	at org.springframework.cloud.context.scope.GenericScope$BeanLifecycleWrapper.getBean(GenericScope.java:375)
	at org.springframework.cloud.context.scope.GenericScope.get(GenericScope.java:179)
	at org.springframework.beans.factory.support.AbstractBeanFactory.doGetBean(AbstractBeanFactory.java:373)
	at org.springframework.beans.factory.support.AbstractBeanFactory.getBean(AbstractBeanFactory.java:200)
	at org.springframework.aop.target.SimpleBeanTargetSource.getTarget(SimpleBeanTargetSource.java:35)
	at org.springframework.cloud.netflix.eureka.serviceregistry.EurekaRegistration.getTargetObject(EurekaRegistration.java:128)
	at org.springframework.cloud.netflix.eureka.serviceregistry.EurekaRegistration.getEurekaClient(EurekaRegistration.java:116)
	at java.base/jdk.internal.reflect.NativeMethodAccessorImpl.invoke0(Native Method)
	at java.base/jdk.internal.reflect.NativeMethodAccessorImpl.invoke(NativeMethodAccessorImpl.java:77)
	at java.base/jdk.internal.reflect.DelegatingMethodAccessorImpl.invoke(DelegatingMethodAccessorImpl.java:43)
	at java.base/java.lang.reflect.Method.invoke(Method.java:568)
	at org.springframework.util.ReflectionUtils.invokeMethod(ReflectionUtils.java:281)
	at org.springframework.cloud.context.scope.GenericScope$LockedScopedProxyFactoryBean.invoke(GenericScope.java:482)
	at org.springframework.aop.framework.ReflectiveMethodInvocation.proceed(ReflectiveMethodInvocation.java:184)
	at org.springframework.aop.framework.CglibAopProxy$CglibMethodInvocation.proceed(CglibAopProxy.java:768)
	at org.springframework.aop.framework.CglibAopProxy$DynamicAdvisedInterceptor.intercept(CglibAopProxy.java:720)
	at org.springframework.cloud.netflix.eureka.serviceregistry.EurekaRegistration$$SpringCGLIB$$0.getEurekaClient(<generated>)
	at org.springframework.cloud.netflix.eureka.serviceregistry.EurekaServiceRegistry.maybeInitializeClient(EurekaServiceRegistry.java:83)
	at org.springframework.cloud.netflix.eureka.serviceregistry.EurekaServiceRegistry.register(EurekaServiceRegistry.java:66)
	at org.springframework.cloud.netflix.eureka.serviceregistry.EurekaAutoServiceRegistration.start(EurekaAutoServiceRegistration.java:89)
	at org.springframework.context.support.DefaultLifecycleProcessor.doStart(DefaultLifecycleProcessor.java:285)
	at org.springframework.context.support.DefaultLifecycleProcessor$LifecycleGroup.start(DefaultLifecycleProcessor.java:472)
	at java.base/java.lang.Iterable.forEach(Iterable.java:75)
	at org.springframework.context.support.DefaultLifecycleProcessor.startBeans(DefaultLifecycleProcessor.java:257)
	at org.springframework.context.support.DefaultLifecycleProcessor.onRefresh(DefaultLifecycleProcessor.java:202)
	at org.springframework.context.support.AbstractApplicationContext.finishRefresh(AbstractApplicationContext.java:990)
	at org.springframework.context.support.AbstractApplicationContext.refresh(AbstractApplicationContext.java:628)
	at org.springframework.boot.web.servlet.context.ServletWebServerApplicationContext.refresh(ServletWebServerApplicationContext.java:146)
	at org.springframework.boot.SpringApplication.refresh(SpringApplication.java:754)
	at org.springframework.boot.SpringApplication.refreshContext(SpringApplication.java:456)
	at org.springframework.boot.SpringApplication.run(SpringApplication.java:335)
	at org.springframework.boot.SpringApplication.run(SpringApplication.java:1363)
	at org.springframework.boot.SpringApplication.run(SpringApplication.java:1352)
	at com.market.marketsearchservice.MarketSearchServiceApplication.main(MarketSearchServiceApplication.java:21)
	at java.base/jdk.internal.reflect.NativeMethodAccessorImpl.invoke0(Native Method)
	at java.base/jdk.internal.reflect.NativeMethodAccessorImpl.invoke(NativeMethodAccessorImpl.java:77)
	at java.base/jdk.internal.reflect.DelegatingMethodAccessorImpl.invoke(DelegatingMethodAccessorImpl.java:43)
	at java.base/java.lang.reflect.Method.invoke(Method.java:568)
	at org.springframework.boot.devtools.restart.RestartLauncher.run(RestartLauncher.java:50)

2026-01-05T11:51:08.912+05:30  INFO 21104 --- [market-search-service] [restartedMain] [                                                 ] com.netflix.discovery.DiscoveryClient    : Initial registry fetch from primary servers failed
2026-01-05T11:51:08.912+05:30  WARN 21104 --- [market-search-service] [restartedMain] [                                                 ] com.netflix.discovery.DiscoveryClient    : Using default backup registry implementation which does not do anything.
2026-01-05T11:51:08.915+05:30  INFO 21104 --- [market-search-service] [restartedMain] [                                                 ] com.netflix.discovery.DiscoveryClient    : Initial registry fetch from backup servers failed
2026-01-05T11:51:08.917+05:30  INFO 21104 --- [market-search-service] [restartedMain] [                                                 ] com.netflix.discovery.DiscoveryClient    : Starting heartbeat executor: renew interval is: 30
2026-01-05T11:51:08.917+05:30  INFO 21104 --- [market-search-service] [restartedMain] [                                                 ] c.n.discovery.InstanceInfoReplicator     : InstanceInfoReplicator onDemand update allowed rate per min is 4
2026-01-05T11:51:08.922+05:30  INFO 21104 --- [market-search-service] [restartedMain] [                                                 ] com.netflix.discovery.DiscoveryClient    : Discovery Client initialized at timestamp 1767594068920 with initial instances count: 0
2026-01-05T11:51:08.933+05:30  INFO 21104 --- [market-search-service] [restartedMain] [                                                 ] o.s.c.n.e.s.EurekaServiceRegistry        : Registering application MARKET-SEARCH-SERVICE with eureka with status UP
2026-01-05T11:51:08.933+05:30  INFO 21104 --- [market-search-service] [restartedMain] [                                                 ] com.netflix.discovery.DiscoveryClient    : Saw local status change event StatusChangeEvent [timestamp=1767594068933, current=UP, previous=STARTING]
2026-01-05T11:51:08.941+05:30  INFO 21104 --- [market-search-service] [DiscoveryClient-InstanceInfoReplicator-%d] [                                                 ] com.netflix.discovery.DiscoveryClient    : DiscoveryClient_MARKET-SEARCH-SERVICE/TSIN21-NB044.infostretch.com:market-search-service:8090: registering service...
2026-01-05T11:51:09.033+05:30  INFO 21104 --- [market-search-service] [restartedMain] [                                                 ] o.s.b.w.embedded.tomcat.TomcatWebServer  : Tomcat started on port 8090 (http) with context path ''
2026-01-05T11:51:09.033+05:30  INFO 21104 --- [market-search-service] [restartedMain] [                                                 ] .s.c.n.e.s.EurekaAutoServiceRegistration : Updating port to 8090
2026-01-05T11:51:09.041+05:30  INFO 21104 --- [market-search-service] [DiscoveryClient-InstanceInfoReplicator-%d] [                                                 ] c.n.d.s.t.d.RedirectingEurekaHttpClient  : Request execution error. endpoint=DefaultEndpoint{ serviceUrl='http://localhost:8761/eureka/}, exception=I/O error on POST request for "http://localhost:8761/eureka/apps/MARKET-SEARCH-SERVICE": Connect to http://localhost:8761 [localhost/127.0.0.1, localhost/0:0:0:0:0:0:0:1] failed: Connection refused: no further information stacktrace=org.springframework.web.client.ResourceAccessException: I/O error on POST request for "http://localhost:8761/eureka/apps/MARKET-SEARCH-SERVICE": Connect to http://localhost:8761 [localhost/127.0.0.1, localhost/0:0:0:0:0:0:0:1] failed: Connection refused: no further information
	at org.springframework.web.client.RestTemplate.createResourceAccessException(RestTemplate.java:915)
	at org.springframework.web.client.RestTemplate.doExecute(RestTemplate.java:895)
	at org.springframework.web.client.RestTemplate.execute(RestTemplate.java:830)
	at org.springframework.web.client.RestTemplate.exchange(RestTemplate.java:691)
	at org.springframework.cloud.netflix.eureka.http.RestTemplateEurekaHttpClient.register(RestTemplateEurekaHttpClient.java:83)
	at com.netflix.discovery.shared.transport.decorator.EurekaHttpClientDecorator$1.execute(EurekaHttpClientDecorator.java:59)
	at com.netflix.discovery.shared.transport.decorator.RedirectingEurekaHttpClient.executeOnNewServer(RedirectingEurekaHttpClient.java:121)
	at com.netflix.discovery.shared.transport.decorator.RedirectingEurekaHttpClient.execute(RedirectingEurekaHttpClient.java:80)
	at com.netflix.discovery.shared.transport.decorator.EurekaHttpClientDecorator.register(EurekaHttpClientDecorator.java:56)
	at com.netflix.discovery.shared.transport.decorator.EurekaHttpClientDecorator$1.execute(EurekaHttpClientDecorator.java:59)
	at com.netflix.discovery.shared.transport.decorator.RetryableEurekaHttpClient.execute(RetryableEurekaHttpClient.java:120)
	at com.netflix.discovery.shared.transport.decorator.EurekaHttpClientDecorator.register(EurekaHttpClientDecorator.java:56)
	at com.netflix.discovery.shared.transport.decorator.EurekaHttpClientDecorator$1.execute(EurekaHttpClientDecorator.java:59)
	at com.netflix.discovery.shared.transport.decorator.SessionedEurekaHttpClient.execute(SessionedEurekaHttpClient.java:76)
	at com.netflix.discovery.shared.transport.decorator.EurekaHttpClientDecorator.register(EurekaHttpClientDecorator.java:56)
	at com.netflix.discovery.DiscoveryClient.register(DiscoveryClient.java:828)
	at com.netflix.discovery.InstanceInfoReplicator.run(InstanceInfoReplicator.java:125)
	at com.netflix.discovery.InstanceInfoReplicator$2.run(InstanceInfoReplicator.java:105)
	at java.base/java.util.concurrent.Executors$RunnableAdapter.call(Executors.java:539)
	at java.base/java.util.concurrent.FutureTask.run(FutureTask.java:264)
	at java.base/java.util.concurrent.ScheduledThreadPoolExecutor$ScheduledFutureTask.run(ScheduledThreadPoolExecutor.java:304)
	at java.base/java.util.concurrent.ThreadPoolExecutor.runWorker(ThreadPoolExecutor.java:1136)
	at java.base/java.util.concurrent.ThreadPoolExecutor$Worker.run(ThreadPoolExecutor.java:635)
	at java.base/java.lang.Thread.run(Thread.java:842)
Caused by: org.apache.hc.client5.http.HttpHostConnectException: Connect to http://localhost:8761 [localhost/127.0.0.1, localhost/0:0:0:0:0:0:0:1] failed: Connection refused: no further information
	at java.base/sun.nio.ch.Net.pollConnect(Native Method)
	at java.base/sun.nio.ch.Net.pollConnectNow(Net.java:672)
	at java.base/sun.nio.ch.NioSocketImpl.timedFinishConnect(NioSocketImpl.java:547)
	at java.base/sun.nio.ch.NioSocketImpl.connect(NioSocketImpl.java:602)
	at java.base/java.net.SocksSocketImpl.connect(SocksSocketImpl.java:327)
	at java.base/java.net.Socket.connect(Socket.java:633)
	at org.apache.hc.client5.http.socket.PlainConnectionSocketFactory.lambda$connectSocket$0(PlainConnectionSocketFactory.java:91)
	at java.base/java.security.AccessController.doPrivileged(AccessController.java:569)
	at org.apache.hc.client5.http.socket.PlainConnectionSocketFactory.connectSocket(PlainConnectionSocketFactory.java:90)
	at org.apache.hc.client5.http.socket.ConnectionSocketFactory.connectSocket(ConnectionSocketFactory.java:123)
	at org.apache.hc.client5.http.impl.io.DefaultHttpClientConnectionOperator.connect(DefaultHttpClientConnectionOperator.java:184)
	at org.apache.hc.client5.http.impl.io.PoolingHttpClientConnectionManager.connect(PoolingHttpClientConnectionManager.java:447)
	at org.apache.hc.client5.http.impl.classic.InternalExecRuntime.connectEndpoint(InternalExecRuntime.java:162)
	at org.apache.hc.client5.http.impl.classic.InternalExecRuntime.connectEndpoint(InternalExecRuntime.java:172)
	at org.apache.hc.client5.http.impl.classic.ConnectExec.execute(ConnectExec.java:142)
	at org.apache.hc.client5.http.impl.classic.ExecChainElement.execute(ExecChainElement.java:51)
	at org.apache.hc.client5.http.impl.classic.ProtocolExec.execute(ProtocolExec.java:192)
	at org.apache.hc.client5.http.impl.classic.ExecChainElement.execute(ExecChainElement.java:51)
	at org.apache.hc.client5.http.impl.classic.HttpRequestRetryExec.execute(HttpRequestRetryExec.java:96)
	at org.apache.hc.client5.http.impl.classic.ExecChainElement.execute(ExecChainElement.java:51)
	at org.apache.hc.client5.http.impl.classic.ContentCompressionExec.execute(ContentCompressionExec.java:152)
	at org.apache.hc.client5.http.impl.classic.ExecChainElement.execute(ExecChainElement.java:51)
	at org.apache.hc.client5.http.impl.classic.RedirectExec.execute(RedirectExec.java:115)
	at org.apache.hc.client5.http.impl.classic.ExecChainElement.execute(ExecChainElement.java:51)
	at org.apache.hc.client5.http.impl.classic.InternalHttpClient.doExecute(InternalHttpClient.java:170)
	at org.apache.hc.client5.http.impl.classic.CloseableHttpClient.execute(CloseableHttpClient.java:87)
	at org.apache.hc.client5.http.impl.classic.CloseableHttpClient.execute(CloseableHttpClient.java:55)
	at org.apache.hc.client5.http.classic.HttpClient.executeOpen(HttpClient.java:183)
	at org.springframework.http.client.HttpComponentsClientHttpRequest.executeInternal(HttpComponentsClientHttpRequest.java:99)
	at org.springframework.http.client.AbstractStreamingClientHttpRequest.executeInternal(AbstractStreamingClientHttpRequest.java:70)
	at org.springframework.http.client.AbstractClientHttpRequest.execute(AbstractClientHttpRequest.java:66)
	at org.springframework.http.client.InterceptingClientHttpRequest$InterceptingRequestExecution.execute(InterceptingClientHttpRequest.java:112)
	at org.springframework.cloud.netflix.eureka.http.RestTemplateTransportClientFactory.lambda$restTemplate$3(RestTemplateTransportClientFactory.java:170)
	at org.springframework.http.client.InterceptingClientHttpRequest$InterceptingRequestExecution.execute(InterceptingClientHttpRequest.java:88)
	at org.springframework.http.client.InterceptingClientHttpRequest.executeInternal(InterceptingClientHttpRequest.java:72)
	at org.springframework.http.client.AbstractBufferingClientHttpRequest.executeInternal(AbstractBufferingClientHttpRequest.java:48)
	at org.springframework.http.client.AbstractClientHttpRequest.execute(AbstractClientHttpRequest.java:66)
	at org.springframework.web.client.RestTemplate.doExecute(RestTemplate.java:889)
	... 22 more

2026-01-05T11:51:09.041+05:30  WARN 21104 --- [market-search-service] [DiscoveryClient-InstanceInfoReplicator-%d] [                                                 ] c.n.d.s.t.d.RetryableEurekaHttpClient    : Request execution failed with message: I/O error on POST request for "http://localhost:8761/eureka/apps/MARKET-SEARCH-SERVICE": Connect to http://localhost:8761 [localhost/127.0.0.1, localhost/0:0:0:0:0:0:0:1] failed: Connection refused: no further information
2026-01-05T11:51:09.041+05:30  WARN 21104 --- [market-search-service] [DiscoveryClient-InstanceInfoReplicator-%d] [                                                 ] com.netflix.discovery.DiscoveryClient    : DiscoveryClient_MARKET-SEARCH-SERVICE/TSIN21-NB044.infostretch.com:market-search-service:8090 - registration failed Cannot execute request on any known server

com.netflix.discovery.shared.transport.TransportException: Cannot execute request on any known server
	at com.netflix.discovery.shared.transport.decorator.RetryableEurekaHttpClient.execute(RetryableEurekaHttpClient.java:112) ~[eureka-client-2.0.4.jar:2.0.4]
	at com.netflix.discovery.shared.transport.decorator.EurekaHttpClientDecorator.register(EurekaHttpClientDecorator.java:56) ~[eureka-client-2.0.4.jar:2.0.4]
	at com.netflix.discovery.shared.transport.decorator.EurekaHttpClientDecorator$1.execute(EurekaHttpClientDecorator.java:59) ~[eureka-client-2.0.4.jar:2.0.4]
	at com.netflix.discovery.shared.transport.decorator.SessionedEurekaHttpClient.execute(SessionedEurekaHttpClient.java:76) ~[eureka-client-2.0.4.jar:2.0.4]
	at com.netflix.discovery.shared.transport.decorator.EurekaHttpClientDecorator.register(EurekaHttpClientDecorator.java:56) ~[eureka-client-2.0.4.jar:2.0.4]
	at com.netflix.discovery.DiscoveryClient.register(DiscoveryClient.java:828) ~[eureka-client-2.0.4.jar:2.0.4]
	at com.netflix.discovery.InstanceInfoReplicator.run(InstanceInfoReplicator.java:125) ~[eureka-client-2.0.4.jar:2.0.4]
	at com.netflix.discovery.InstanceInfoReplicator$2.run(InstanceInfoReplicator.java:105) ~[eureka-client-2.0.4.jar:2.0.4]
	at java.base/java.util.concurrent.Executors$RunnableAdapter.call(Executors.java:539) ~[na:na]
	at java.base/java.util.concurrent.FutureTask.run(FutureTask.java:264) ~[na:na]
	at java.base/java.util.concurrent.ScheduledThreadPoolExecutor$ScheduledFutureTask.run(ScheduledThreadPoolExecutor.java:304) ~[na:na]
	at java.base/java.util.concurrent.ThreadPoolExecutor.runWorker(ThreadPoolExecutor.java:1136) ~[na:na]
	at java.base/java.util.concurrent.ThreadPoolExecutor$Worker.run(ThreadPoolExecutor.java:635) ~[na:na]
	at java.base/java.lang.Thread.run(Thread.java:842) ~[na:na]

2026-01-05T11:51:09.043+05:30  WARN 21104 --- [market-search-service] [DiscoveryClient-InstanceInfoReplicator-%d] [                                                 ] c.n.discovery.InstanceInfoReplicator     : There was a problem with the instance info replicator

com.netflix.discovery.shared.transport.TransportException: Cannot execute request on any known server
	at com.netflix.discovery.shared.transport.decorator.RetryableEurekaHttpClient.execute(RetryableEurekaHttpClient.java:112) ~[eureka-client-2.0.4.jar:2.0.4]
	at com.netflix.discovery.shared.transport.decorator.EurekaHttpClientDecorator.register(EurekaHttpClientDecorator.java:56) ~[eureka-client-2.0.4.jar:2.0.4]
	at com.netflix.discovery.shared.transport.decorator.EurekaHttpClientDecorator$1.execute(EurekaHttpClientDecorator.java:59) ~[eureka-client-2.0.4.jar:2.0.4]
	at com.netflix.discovery.shared.transport.decorator.SessionedEurekaHttpClient.execute(SessionedEurekaHttpClient.java:76) ~[eureka-client-2.0.4.jar:2.0.4]
	at com.netflix.discovery.shared.transport.decorator.EurekaHttpClientDecorator.register(EurekaHttpClientDecorator.java:56) ~[eureka-client-2.0.4.jar:2.0.4]
	at com.netflix.discovery.DiscoveryClient.register(DiscoveryClient.java:828) ~[eureka-client-2.0.4.jar:2.0.4]
	at com.netflix.discovery.InstanceInfoReplicator.run(InstanceInfoReplicator.java:125) ~[eureka-client-2.0.4.jar:2.0.4]
	at com.netflix.discovery.InstanceInfoReplicator$2.run(InstanceInfoReplicator.java:105) ~[eureka-client-2.0.4.jar:2.0.4]
	at java.base/java.util.concurrent.Executors$RunnableAdapter.call(Executors.java:539) ~[na:na]
	at java.base/java.util.concurrent.FutureTask.run(FutureTask.java:264) ~[na:na]
	at java.base/java.util.concurrent.ScheduledThreadPoolExecutor$ScheduledFutureTask.run(ScheduledThreadPoolExecutor.java:304) ~[na:na]
	at java.base/java.util.concurrent.ThreadPoolExecutor.runWorker(ThreadPoolExecutor.java:1136) ~[na:na]
	at java.base/java.util.concurrent.ThreadPoolExecutor$Worker.run(ThreadPoolExecutor.java:635) ~[na:na]
	at java.base/java.lang.Thread.run(Thread.java:842) ~[na:na]

2026-01-05T11:51:09.459+05:30  INFO 21104 --- [market-search-service] [restartedMain] [                                                 ] o.a.k.clients.consumer.ConsumerConfig    : ConsumerConfig values: 
	allow.auto.create.topics = true
	auto.commit.interval.ms = 5000
	auto.include.jmx.reporter = true
	auto.offset.reset = earliest
	bootstrap.servers = [localhost:9092]
	check.crcs = true
	client.dns.lookup = use_all_dns_ips
	client.id = consumer-market-search-1
	client.rack = 
	connections.max.idle.ms = 540000
	default.api.timeout.ms = 60000
	enable.auto.commit = false
	exclude.internal.topics = true
	fetch.max.bytes = 52428800
	fetch.max.wait.ms = 500
	fetch.min.bytes = 1
	group.id = market-search
	group.instance.id = null
	heartbeat.interval.ms = 3000
	interceptor.classes = []
	internal.leave.group.on.close = true
	internal.throw.on.fetch.stable.offset.unsupported = false
	isolation.level = read_uncommitted
	key.deserializer = class org.apache.kafka.common.serialization.StringDeserializer
	max.partition.fetch.bytes = 1048576
	max.poll.interval.ms = 300000
	max.poll.records = 500
	metadata.max.age.ms = 300000
	metric.reporters = []
	metrics.num.samples = 2
	metrics.recording.level = INFO
	metrics.sample.window.ms = 30000
	partition.assignment.strategy = [class org.apache.kafka.clients.consumer.RangeAssignor, class org.apache.kafka.clients.consumer.CooperativeStickyAssignor]
	receive.buffer.bytes = 65536
	reconnect.backoff.max.ms = 1000
	reconnect.backoff.ms = 50
	request.timeout.ms = 30000
	retry.backoff.ms = 100
	sasl.client.callback.handler.class = null
	sasl.jaas.config = null
	sasl.kerberos.kinit.cmd = /usr/bin/kinit
	sasl.kerberos.min.time.before.relogin = 60000
	sasl.kerberos.service.name = null
	sasl.kerberos.ticket.renew.jitter = 0.05
	sasl.kerberos.ticket.renew.window.factor = 0.8
	sasl.login.callback.handler.class = null
	sasl.login.class = null
	sasl.login.connect.timeout.ms = null
	sasl.login.read.timeout.ms = null
	sasl.login.refresh.buffer.seconds = 300
	sasl.login.refresh.min.period.seconds = 60
	sasl.login.refresh.window.factor = 0.8
	sasl.login.refresh.window.jitter = 0.05
	sasl.login.retry.backoff.max.ms = 10000
	sasl.login.retry.backoff.ms = 100
	sasl.mechanism = GSSAPI
	sasl.oauthbearer.clock.skew.seconds = 30
	sasl.oauthbearer.expected.audience = null
	sasl.oauthbearer.expected.issuer = null
	sasl.oauthbearer.jwks.endpoint.refresh.ms = 3600000
	sasl.oauthbearer.jwks.endpoint.retry.backoff.max.ms = 10000
	sasl.oauthbearer.jwks.endpoint.retry.backoff.ms = 100
	sasl.oauthbearer.jwks.endpoint.url = null
	sasl.oauthbearer.scope.claim.name = scope
	sasl.oauthbearer.sub.claim.name = sub
	sasl.oauthbearer.token.endpoint.url = null
	security.protocol = PLAINTEXT
	security.providers = null
	send.buffer.bytes = 131072
	session.timeout.ms = 45000
	socket.connection.setup.timeout.max.ms = 30000
	socket.connection.setup.timeout.ms = 10000
	ssl.cipher.suites = null
	ssl.enabled.protocols = [TLSv1.2, TLSv1.3]
	ssl.endpoint.identification.algorithm = https
	ssl.engine.factory.class = null
	ssl.key.password = null
	ssl.keymanager.algorithm = SunX509
	ssl.keystore.certificate.chain = null
	ssl.keystore.key = null
	ssl.keystore.location = null
	ssl.keystore.password = null
	ssl.keystore.type = JKS
	ssl.protocol = TLSv1.3
	ssl.provider = null
	ssl.secure.random.implementation = null
	ssl.trustmanager.algorithm = PKIX
	ssl.truststore.certificates = null
	ssl.truststore.location = null
	ssl.truststore.password = null
	ssl.truststore.type = JKS
	value.deserializer = class org.apache.kafka.common.serialization.StringDeserializer

2026-01-05T11:51:09.545+05:30  INFO 21104 --- [market-search-service] [restartedMain] [                                                 ] o.a.k.clients.consumer.ConsumerConfig    : These configurations '[spring.kafka.observation-enabled]' were supplied but are not used yet.
2026-01-05T11:51:09.545+05:30  INFO 21104 --- [market-search-service] [restartedMain] [                                                 ] o.a.kafka.common.utils.AppInfoParser     : Kafka version: 3.6.2
2026-01-05T11:51:09.545+05:30  INFO 21104 --- [market-search-service] [restartedMain] [                                                 ] o.a.kafka.common.utils.AppInfoParser     : Kafka commitId: c4deed513057c94e
2026-01-05T11:51:09.545+05:30  INFO 21104 --- [market-search-service] [restartedMain] [                                                 ] o.a.kafka.common.utils.AppInfoParser     : Kafka startTimeMs: 1767594069545
2026-01-05T11:51:09.567+05:30  INFO 21104 --- [market-search-service] [restartedMain] [                                                 ] fkaConsumerFactory$ExtendedKafkaConsumer : [Consumer clientId=consumer-market-search-1, groupId=market-search] Subscribed to topic(s): stock-enrichment
2026-01-05T11:51:09.680+05:30  INFO 21104 --- [market-search-service] [restartedMain] [                                                 ] c.m.m.MarketSearchServiceApplication     : Started MarketSearchServiceApplication in 65.075 seconds (process running for 66.699)
2026-01-05T11:51:09.692+05:30  INFO 21104 --- [market-search-service] [scheduling-1] [695b585549c9b301c3b18a254b6debf7-c3b18a254b6debf7] c.m.m.service.EnrichmentScheduler        : Published enrichment events for all symbols
2026-01-05T11:51:10.156+05:30  INFO 21104 --- [market-search-service] [org.springframework.kafka.KafkaListenerEndpointContainer#0-0-C-1] [                                                 ] org.apache.kafka.clients.NetworkClient   : [Consumer clientId=consumer-market-search-1, groupId=market-search] Node -1 disconnected.
2026-01-05T11:51:10.157+05:30  WARN 21104 --- [market-search-service] [org.springframework.kafka.KafkaListenerEndpointContainer#0-0-C-1] [                                                 ] org.apache.kafka.clients.NetworkClient   : [Consumer clientId=consumer-market-search-1, groupId=market-search] Connection to node -1 (localhost/127.0.0.1:9092) could not be established. Broker may not be available.
2026-01-05T11:51:10.157+05:30  WARN 21104 --- [market-search-service] [org.springframework.kafka.KafkaListenerEndpointContainer#0-0-C-1] [                                                 ] org.apache.kafka.clients.NetworkClient   : [Consumer clientId=consumer-market-search-1, groupId=market-search] Bootstrap broker localhost:9092 (id: -1 rack: null) disconnected
2026-01-05T11:51:10.257+05:30  INFO 21104 --- [market-search-service] [org.springframework.kafka.KafkaListenerEndpointContainer#0-0-C-1] [                                                 ] org.apache.kafka.clients.NetworkClient   : [Consumer clientId=consumer-market-search-1, groupId=market-search] Node -1 disconnected.
2026-01-05T11:51:10.257+05:30  WARN 21104 --- [market-search-service] [org.springframework.kafka.KafkaListenerEndpointContainer#0-0-C-1] [                                                 ] org.apache.kafka.clients.NetworkClient   : [Consumer clientId=consumer-market-search-1, groupId=market-search] Connection to node -1 (localhost/127.0.0.1:9092) could not be established. Broker may not be available.
2026-01-05T11:51:10.257+05:30  WARN 21104 --- [market-search-service] [org.springframework.kafka.KafkaListenerEndpointContainer#0-0-C-1] [                                                 ] org.apache.kafka.clients.NetworkClient   : [Consumer clientId=consumer-market-search-1, groupId=market-search] Bootstrap broker localhost:9092 (id: -1 rack: null) disconnected
2026-01-05T11:51:10.270+05:30  WARN 21104 --- [market-search-service] [AsyncReporter{org.springframework.boot.actuate.autoconfigure.tracing.zipkin.ZipkinWebClientSender@761b9e7c}] [                                                 ] z.r.AsyncReporter$BoundedAsyncReporter   : Spans were dropped due to exceptions. All subsequent errors will be logged at FINE level.
2026-01-05T11:51:10.270+05:30  WARN 21104 --- [market-search-service] [AsyncReporter{org.springframework.boot.actuate.autoconfigure.tracing.zipkin.ZipkinWebClientSender@761b9e7c}] [                                                 ] z.r.AsyncReporter$BoundedAsyncReporter   : Dropped 3 spans due to WebClientRequestException(Connection refused: no further information: localhost/127.0.0.1:9411)

org.springframework.web.reactive.function.client.WebClientRequestException: Connection refused: no further information: localhost/127.0.0.1:9411
	at org.springframework.web.reactive.function.client.ExchangeFunctions$DefaultExchangeFunction.lambda$wrapException$9(ExchangeFunctions.java:136) ~[spring-webflux-6.1.15.jar:6.1.15]
	Suppressed: reactor.core.publisher.FluxOnAssembly$OnAssemblyException: 
Error has been observed at the following site(s):
	*__checkpoint ⇢ Request to POST http://localhost:9411/api/v2/spans [DefaultWebClient]
Original Stack Trace:
		at org.springframework.web.reactive.function.client.ExchangeFunctions$DefaultExchangeFunction.lambda$wrapException$9(ExchangeFunctions.java:136) ~[spring-webflux-6.1.15.jar:6.1.15]
		at reactor.core.publisher.MonoErrorSupplied.subscribe(MonoErrorSupplied.java:55) ~[reactor-core-3.6.12.jar:3.6.12]
		at reactor.core.publisher.Mono.subscribe(Mono.java:4576) ~[reactor-core-3.6.12.jar:3.6.12]
		at reactor.core.publisher.FluxOnErrorResume$ResumeSubscriber.onError(FluxOnErrorResume.java:103) ~[reactor-core-3.6.12.jar:3.6.12]
		at reactor.core.publisher.FluxPeek$PeekSubscriber.onError(FluxPeek.java:222) ~[reactor-core-3.6.12.jar:3.6.12]
		at reactor.core.publisher.FluxPeek$PeekSubscriber.onError(FluxPeek.java:222) ~[reactor-core-3.6.12.jar:3.6.12]
		at reactor.core.publisher.FluxPeek$PeekSubscriber.onError(FluxPeek.java:222) ~[reactor-core-3.6.12.jar:3.6.12]
		at reactor.core.publisher.MonoNext$NextSubscriber.onError(MonoNext.java:93) ~[reactor-core-3.6.12.jar:3.6.12]
		at reactor.core.publisher.MonoFlatMapMany$FlatMapManyMain.onError(MonoFlatMapMany.java:205) ~[reactor-core-3.6.12.jar:3.6.12]
		at reactor.core.publisher.SerializedSubscriber.onError(SerializedSubscriber.java:124) ~[reactor-core-3.6.12.jar:3.6.12]
		at reactor.core.publisher.FluxRetryWhen$RetryWhenMainSubscriber.whenError(FluxRetryWhen.java:229) ~[reactor-core-3.6.12.jar:3.6.12]
		at reactor.core.publisher.FluxRetryWhen$RetryWhenOtherSubscriber.onError(FluxRetryWhen.java:279) ~[reactor-core-3.6.12.jar:3.6.12]
		at reactor.core.publisher.FluxContextWrite$ContextWriteSubscriber.onError(FluxContextWrite.java:121) ~[reactor-core-3.6.12.jar:3.6.12]
		at reactor.core.publisher.FluxConcatMapNoPrefetch$FluxConcatMapNoPrefetchSubscriber.maybeOnError(FluxConcatMapNoPrefetch.java:327) ~[reactor-core-3.6.12.jar:3.6.12]
		at reactor.core.publisher.FluxConcatMapNoPrefetch$FluxConcatMapNoPrefetchSubscriber.onNext(FluxConcatMapNoPrefetch.java:212) ~[reactor-core-3.6.12.jar:3.6.12]
		at reactor.core.publisher.FluxContextWrite$ContextWriteSubscriber.onNext(FluxContextWrite.java:107) ~[reactor-core-3.6.12.jar:3.6.12]
		at reactor.core.publisher.SinkManyEmitterProcessor.drain(SinkManyEmitterProcessor.java:476) ~[reactor-core-3.6.12.jar:3.6.12]
		at reactor.core.publisher.SinkManyEmitterProcessor$EmitterInner.drainParent(SinkManyEmitterProcessor.java:620) ~[reactor-core-3.6.12.jar:3.6.12]
		at reactor.core.publisher.FluxPublish$PubSubInner.request(FluxPublish.java:874) ~[reactor-core-3.6.12.jar:3.6.12]
		at reactor.core.publisher.FluxContextWrite$ContextWriteSubscriber.request(FluxContextWrite.java:136) ~[reactor-core-3.6.12.jar:3.6.12]
		at reactor.core.publisher.FluxConcatMapNoPrefetch$FluxConcatMapNoPrefetchSubscriber.request(FluxConcatMapNoPrefetch.java:337) ~[reactor-core-3.6.12.jar:3.6.12]
		at reactor.core.publisher.FluxContextWrite$ContextWriteSubscriber.request(FluxContextWrite.java:136) ~[reactor-core-3.6.12.jar:3.6.12]
		at reactor.core.publisher.Operators$DeferredSubscription.request(Operators.java:1743) ~[reactor-core-3.6.12.jar:3.6.12]
		at reactor.core.publisher.FluxRetryWhen$RetryWhenMainSubscriber.onError(FluxRetryWhen.java:196) ~[reactor-core-3.6.12.jar:3.6.12]
		at reactor.core.publisher.MonoCreate$DefaultMonoSink.error(MonoCreate.java:205) ~[reactor-core-3.6.12.jar:3.6.12]
		at reactor.netty.http.client.HttpClientConnect$MonoHttpConnect$ClientTransportSubscriber.onError(HttpClientConnect.java:311) ~[reactor-netty-http-1.1.24.jar:1.1.24]
		at reactor.core.publisher.MonoCreate$DefaultMonoSink.error(MonoCreate.java:205) ~[reactor-core-3.6.12.jar:3.6.12]
		at reactor.netty.resources.DefaultPooledConnectionProvider$DisposableAcquire.onError(DefaultPooledConnectionProvider.java:172) ~[reactor-netty-core-1.1.24.jar:1.1.24]
		at reactor.netty.internal.shaded.reactor.pool.AbstractPool$Borrower.fail(AbstractPool.java:480) ~[reactor-netty-core-1.1.24.jar:1.1.24]
		at reactor.netty.internal.shaded.reactor.pool.SimpleDequePool.lambda$drainLoop$9(SimpleDequePool.java:436) ~[reactor-netty-core-1.1.24.jar:1.1.24]
		at reactor.core.publisher.FluxDoOnEach$DoOnEachSubscriber.onError(FluxDoOnEach.java:186) ~[reactor-core-3.6.12.jar:3.6.12]
		at reactor.core.publisher.MonoCreate$DefaultMonoSink.error(MonoCreate.java:205) ~[reactor-core-3.6.12.jar:3.6.12]
		at reactor.netty.resources.DefaultPooledConnectionProvider$PooledConnectionAllocator$PooledConnectionInitializer.onError(DefaultPooledConnectionProvider.java:583) ~[reactor-netty-core-1.1.24.jar:1.1.24]
		at reactor.core.publisher.MonoFlatMap$FlatMapMain.secondError(MonoFlatMap.java:241) ~[reactor-core-3.6.12.jar:3.6.12]
		at reactor.core.publisher.MonoFlatMap$FlatMapInner.onError(MonoFlatMap.java:315) ~[reactor-core-3.6.12.jar:3.6.12]
		at reactor.core.publisher.FluxOnErrorResume$ResumeSubscriber.onError(FluxOnErrorResume.java:106) ~[reactor-core-3.6.12.jar:3.6.12]
		at reactor.core.publisher.Operators.error(Operators.java:198) ~[reactor-core-3.6.12.jar:3.6.12]
		at reactor.core.publisher.MonoError.subscribe(MonoError.java:53) ~[reactor-core-3.6.12.jar:3.6.12]
		at reactor.core.publisher.Mono.subscribe(Mono.java:4576) ~[reactor-core-3.6.12.jar:3.6.12]
		at reactor.core.publisher.FluxOnErrorResume$ResumeSubscriber.onError(FluxOnErrorResume.java:103) ~[reactor-core-3.6.12.jar:3.6.12]
		at reactor.netty.transport.TransportConnector$MonoChannelPromise.tryFailure(TransportConnector.java:576) ~[reactor-netty-core-1.1.24.jar:1.1.24]
		at reactor.netty.transport.TransportConnector$MonoChannelPromise.setFailure(TransportConnector.java:522) ~[reactor-netty-core-1.1.24.jar:1.1.24]
		at reactor.netty.transport.TransportConnector.lambda$doConnect$7(TransportConnector.java:261) ~[reactor-netty-core-1.1.24.jar:1.1.24]
		at io.netty.util.concurrent.DefaultPromise.notifyListener0(DefaultPromise.java:590) ~[netty-common-4.1.115.Final.jar:4.1.115.Final]
		at io.netty.util.concurrent.DefaultPromise.notifyListeners0(DefaultPromise.java:583) ~[netty-common-4.1.115.Final.jar:4.1.115.Final]
		at io.netty.util.concurrent.DefaultPromise.notifyListenersNow(DefaultPromise.java:559) ~[netty-common-4.1.115.Final.jar:4.1.115.Final]
		at io.netty.util.concurrent.DefaultPromise.notifyListeners(DefaultPromise.java:492) ~[netty-common-4.1.115.Final.jar:4.1.115.Final]
		at io.netty.util.concurrent.DefaultPromise.setValue0(DefaultPromise.java:636) ~[netty-common-4.1.115.Final.jar:4.1.115.Final]
		at io.netty.util.concurrent.DefaultPromise.setFailure0(DefaultPromise.java:629) ~[netty-common-4.1.115.Final.jar:4.1.115.Final]
		at io.netty.util.concurrent.DefaultPromise.tryFailure(DefaultPromise.java:118) ~[netty-common-4.1.115.Final.jar:4.1.115.Final]
		at io.netty.channel.nio.AbstractNioChannel$AbstractNioUnsafe.fulfillConnectPromise(AbstractNioChannel.java:326) ~[netty-transport-4.1.115.Final.jar:4.1.115.Final]
		at io.netty.channel.nio.AbstractNioChannel$AbstractNioUnsafe.finishConnect(AbstractNioChannel.java:342) ~[netty-transport-4.1.115.Final.jar:4.1.115.Final]
		at io.netty.channel.nio.NioEventLoop.processSelectedKey(NioEventLoop.java:776) ~[netty-transport-4.1.115.Final.jar:4.1.115.Final]
		at io.netty.channel.nio.NioEventLoop.processSelectedKeysOptimized(NioEventLoop.java:724) ~[netty-transport-4.1.115.Final.jar:4.1.115.Final]
		at io.netty.channel.nio.NioEventLoop.processSelectedKeys(NioEventLoop.java:650) ~[netty-transport-4.1.115.Final.jar:4.1.115.Final]
		at io.netty.channel.nio.NioEventLoop.run(NioEventLoop.java:562) ~[netty-transport-4.1.115.Final.jar:4.1.115.Final]
		at io.netty.util.concurrent.SingleThreadEventExecutor$4.run(SingleThreadEventExecutor.java:997) ~[netty-common-4.1.115.Final.jar:4.1.115.Final]
		at io.netty.util.internal.ThreadExecutorMap$2.run(ThreadExecutorMap.java:74) ~[netty-common-4.1.115.Final.jar:4.1.115.Final]
		at io.netty.util.concurrent.FastThreadLocalRunnable.run(FastThreadLocalRunnable.java:30) ~[netty-common-4.1.115.Final.jar:4.1.115.Final]
		at java.base/java.lang.Thread.run(Thread.java:842) ~[na:na]
	Suppressed: java.lang.Exception: #block terminated with an error
		at reactor.core.publisher.BlockingSingleSubscriber.blockingGet(BlockingSingleSubscriber.java:104) ~[reactor-core-3.6.12.jar:3.6.12]
		at reactor.core.publisher.Mono.block(Mono.java:1779) ~[reactor-core-3.6.12.jar:3.6.12]
		at org.springframework.boot.actuate.autoconfigure.tracing.zipkin.ZipkinWebClientSender$WebClientHttpPostCall.doExecute(ZipkinWebClientSender.java:76) ~[spring-boot-actuator-autoconfigure-3.2.12.jar:3.2.12]
		at org.springframework.boot.actuate.autoconfigure.tracing.zipkin.ZipkinWebClientSender$WebClientHttpPostCall.doExecute(ZipkinWebClientSender.java:54) ~[spring-boot-actuator-autoconfigure-3.2.12.jar:3.2.12]
		at zipkin2.Call$Base.execute(Call.java:391) ~[zipkin-2.23.2.jar:na]
		at zipkin2.reporter.AsyncReporter$BoundedAsyncReporter.flush(AsyncReporter.java:299) ~[zipkin-reporter-2.16.3.jar:na]
		at zipkin2.reporter.AsyncReporter$Flusher.run(AsyncReporter.java:378) ~[zipkin-reporter-2.16.3.jar:na]
		at java.base/java.lang.Thread.run(Thread.java:842) ~[na:na]
Caused by: io.netty.channel.AbstractChannel$AnnotatedConnectException: Connection refused: no further information: localhost/127.0.0.1:9411
Caused by: java.net.ConnectException: Connection refused: no further information
	at java.base/sun.nio.ch.Net.pollConnect(Native Method) ~[na:na]
	at java.base/sun.nio.ch.Net.pollConnectNow(Net.java:672) ~[na:na]
	at java.base/sun.nio.ch.SocketChannelImpl.finishConnect(SocketChannelImpl.java:946) ~[na:na]
	at io.netty.channel.socket.nio.NioSocketChannel.doFinishConnect(NioSocketChannel.java:336) ~[netty-transport-4.1.115.Final.jar:4.1.115.Final]
	at io.netty.channel.nio.AbstractNioChannel$AbstractNioUnsafe.finishConnect(AbstractNioChannel.java:339) ~[netty-transport-4.1.115.Final.jar:4.1.115.Final]
	at io.netty.channel.nio.NioEventLoop.processSelectedKey(NioEventLoop.java:776) ~[netty-transport-4.1.115.Final.jar:4.1.115.Final]
	at io.netty.channel.nio.NioEventLoop.processSelectedKeysOptimized(NioEventLoop.java:724) ~[netty-transport-4.1.115.Final.jar:4.1.115.Final]
	at io.netty.channel.nio.NioEventLoop.processSelectedKeys(NioEventLoop.java:650) ~[netty-transport-4.1.115.Final.jar:4.1.115.Final]
	at io.netty.channel.nio.NioEventLoop.run(NioEventLoop.java:562) ~[netty-transport-4.1.115.Final.jar:4.1.115.Final]
	at io.netty.util.concurrent.SingleThreadEventExecutor$4.run(SingleThreadEventExecutor.java:997) ~[netty-common-4.1.115.Final.jar:4.1.115.Final]
	at io.netty.util.internal.ThreadExecutorMap$2.run(ThreadExecutorMap.java:74) ~[netty-common-4.1.115.Final.jar:4.1.115.Final]
	at io.netty.util.concurrent.FastThreadLocalRunnable.run(FastThreadLocalRunnable.java:30) ~[netty-common-4.1.115.Final.jar:4.1.115.Final]
	at java.base/java.lang.Thread.run(Thread.java:842) ~[na:na]

2026-01-05T11:51:10.368+05:30  INFO 21104 --- [market-search-service] [org.springframework.kafka.KafkaListenerEndpointContainer#0-0-C-1] [                                                 ] org.apache.kafka.clients.NetworkClient   : [Consumer clientId=consumer-market-search-1, groupId=market-search] Node -1 disconnected.
2026-01-05T11:51:10.368+05:30  WARN 21104 --- [market-search-service] [org.springframework.kafka.KafkaListenerEndpointContainer#0-0-C-1] [                                                 ] org.apache.kafka.clients.NetworkClient   : [Consumer clientId=consumer-market-search-1, groupId=market-search] Connection to node -1 (localhost/127.0.0.1:9092) could not be established. Broker may not be available.
2026-01-05T11:51:10.370+05:30  WARN 21104 --- [market-search-service] [org.springframework.kafka.KafkaListenerEndpointContainer#0-0-C-1] [                                                 ] org.apache.kafka.clients.NetworkClient   : [Consumer clientId=consumer-market-search-1, groupId=market-search] Bootstrap broker localhost:9092 (id: -1 rack: null) disconnected
2026-01-05T11:51:10.547+05:30  INFO 21104 --- [market-search-service] [org.springframework.kafka.KafkaListenerEndpointContainer#0-0-C-1] [                                                 ] org.apache.kafka.clients.NetworkClient   : [Consumer clientId=consumer-market-search-1, groupId=market-search] Node -1 disconnected.
2026-01-05T11:51:10.549+05:30  WARN 21104 --- [market-search-service] [org.springframework.kafka.KafkaListenerEndpointContainer#0-0-C-1] [                                                 ] org.apache.kafka.clients.NetworkClient   : [Consumer clientId=consumer-market-search-1, groupId=market-search] Connection to node -1 (localhost/127.0.0.1:9092) could not be established. Broker may not be available.
2026-01-05T11:51:10.549+05:30  WARN 21104 --- [market-search-service] [org.springframework.kafka.KafkaListenerEndpointContainer#0-0-C-1] [                                                 ] org.apache.kafka.clients.NetworkClient   : [Consumer clientId=consumer-market-search-1, groupId=market-search] Bootstrap broker localhost:9092 (id: -1 rack: null) disconnected
2026-01-05T11:51:10.899+05:30  INFO 21104 --- [market-search-service] [org.springframework.kafka.KafkaListenerEndpointContainer#0-0-C-1] [                                                 ] org.apache.kafka.clients.NetworkClient   : [Consumer clientId=consumer-market-search-1, groupId=market-search] Node -1 disconnected.
2026-01-05T11:51:10.899+05:30  WARN 21104 --- [market-search-service] [org.springframework.kafka.KafkaListenerEndpointContainer#0-0-C-1] [                                                 ] org.apache.kafka.clients.NetworkClient   : [Consumer clientId=consumer-market-search-1, groupId=market-search] Connection to node -1 (localhost/127.0.0.1:9092) could not be established. Broker may not be available.
2026-01-05T11:51:10.899+05:30  WARN 21104 --- [market-search-service] [org.springframework.kafka.KafkaListenerEndpointContainer#0-0-C-1] [                                                 ] org.apache.kafka.clients.NetworkClient   : [Consumer clientId=consumer-market-search-1, groupId=market-search] Bootstrap broker localhost:9092 (id: -1 rack: null) disconnected
2026-01-05T11:51:11.701+05:30  INFO 21104 --- [market-search-service] [org.springframework.kafka.KafkaListenerEndpointContainer#0-0-C-1] [                                                 ] org.apache.kafka.clients.NetworkClient   : [Consumer clientId=consumer-market-search-1, groupId=market-search] Node -1 disconnected.
2026-01-05T11:51:11.701+05:30  WARN 21104 --- [market-search-service] [org.springframework.kafka.KafkaListenerEndpointContainer#0-0-C-1] [                                                 ] org.apache.kafka.clients.NetworkClient   : [Consumer clientId=consumer-market-search-1, groupId=market-search] Connection to node -1 (localhost/127.0.0.1:9092) could not be established. Broker may not be available.
2026-01-05T11:51:11.701+05:30  WARN 21104 --- [market-search-service] [org.springframework.kafka.KafkaListenerEndpointContainer#0-0-C-1] [                                                 ] org.apache.kafka.clients.NetworkClient   : [Consumer clientId=consumer-market-search-1, groupId=market-search] Bootstrap broker localhost:9092 (id: -1 rack: null) disconnected
2026-01-05T11:51:12.563+05:30  INFO 21104 --- [market-search-service] [org.springframework.kafka.KafkaListenerEndpointContainer#0-0-C-1] [                                                 ] org.apache.kafka.clients.NetworkClient   : [Consumer clientId=consumer-market-search-1, groupId=market-search] Node -1 disconnected.
2026-01-05T11:51:12.563+05:30  WARN 21104 --- [market-search-service] [org.springframework.kafka.KafkaListenerEndpointContainer#0-0-C-1] [                                                 ] org.apache.kafka.clients.NetworkClient   : [Consumer clientId=consumer-market-search-1, groupId=market-search] Connection to node -1 (localhost/127.0.0.1:9092) could not be established. Broker may not be available.
2026-01-05T11:51:12.563+05:30  WARN 21104 --- [market-search-service] [org.springframework.kafka.KafkaListenerEndpointContainer#0-0-C-1] [                                                 ] org.apache.kafka.clients.NetworkClient   : [Consumer clientId=consumer-market-search-1, groupId=market-search] Bootstrap broker localhost:9092 (id: -1 rack: null) disconnected
2026-01-05T11:51:13.591+05:30  INFO 21104 --- [market-search-service] [org.springframework.kafka.KafkaListenerEndpointContainer#0-0-C-1] [                                                 ] org.apache.kafka.clients.NetworkClient   : [Consumer clientId=consumer-market-search-1, groupId=market-search] Node -1 disconnected.
2026-01-05T11:51:13.591+05:30  WARN 21104 --- [market-search-service] [org.springframework.kafka.KafkaListenerEndpointContainer#0-0-C-1] [                                                 ] org.apache.kafka.clients.NetworkClient   : [Consumer clientId=consumer-market-search-1, groupId=market-search] Connection to node -1 (localhost/127.0.0.1:9092) could not be established. Broker may not be available.
2026-01-05T11:51:13.591+05:30  WARN 21104 --- [market-search-service] [org.springframework.kafka.KafkaListenerEndpointContainer#0-0-C-1] [                                                 ] org.apache.kafka.clients.NetworkClient   : [Consumer clientId=consumer-market-search-1, groupId=market-search] Bootstrap broker localhost:9092 (id: -1 rack: null) disconnected
2026-01-05T11:51:14.775+05:30  INFO 21104 --- [market-search-service] [org.springframework.kafka.KafkaListenerEndpointContainer#0-0-C-1] [                                                 ] org.apache.kafka.clients.NetworkClient   : [Consumer clientId=consumer-market-search-1, groupId=market-search] Node -1 disconnected.
2026-01-05T11:51:14.777+05:30  WARN 21104 --- [market-search-service] [org.springframework.kafka.KafkaListenerEndpointContainer#0-0-C-1] [                                                 ] org.apache.kafka.clients.NetworkClient   : [Consumer clientId=consumer-market-search-1, groupId=market-search] Connection to node -1 (localhost/127.0.0.1:9092) could not be established. Broker may not be available.
2026-01-05T11:51:14.777+05:30  WARN 21104 --- [market-search-service] [org.springframework.kafka.KafkaListenerEndpointContainer#0-0-C-1] [                                                 ] org.apache.kafka.clients.NetworkClient   : [Consumer clientId=consumer-market-search-1, groupId=market-search] Bootstrap broker localhost:9092 (id: -1 rack: null) disconnected
2026-01-05T11:51:15.630+05:30  INFO 21104 --- [market-search-service] [org.springframework.kafka.KafkaListenerEndpointContainer#0-0-C-1] [                                                 ] org.apache.kafka.clients.NetworkClient   : [Consumer clientId=consumer-market-search-1, groupId=market-search] Node -1 disconnected.
2026-01-05T11:51:15.630+05:30  WARN 21104 --- [market-search-service] [org.springframework.kafka.KafkaListenerEndpointContainer#0-0-C-1] [                                                 ] org.apache.kafka.clients.NetworkClient   : [Consumer clientId=consumer-market-search-1, groupId=market-search] Connection to node -1 (localhost/127.0.0.1:9092) could not be established. Broker may not be available.
2026-01-05T11:51:15.630+05:30  WARN 21104 --- [market-search-service] [org.springframework.kafka.KafkaListenerEndpointContainer#0-0-C-1] [                                                 ] org.apache.kafka.clients.NetworkClient   : [Consumer clientId=consumer-market-search-1, groupId=market-search] Bootstrap broker localhost:9092 (id: -1 rack: null) disconnected
2026-01-05T11:51:16.496+05:30  INFO 21104 --- [market-search-service] [org.springframework.kafka.KafkaListenerEndpointContainer#0-0-C-1] [                                                 ] org.apache.kafka.clients.NetworkClient   : [Consumer clientId=consumer-market-search-1, groupId=market-search] Node -1 disconnected.
2026-01-05T11:51:16.496+05:30  WARN 21104 --- [market-search-service] [org.springframework.kafka.KafkaListenerEndpointContainer#0-0-C-1] [                                                 ] org.apache.kafka.clients.NetworkClient   : [Consumer clientId=consumer-market-search-1, groupId=market-search] Connection to node -1 (localhost/127.0.0.1:9092) could not be established. Broker may not be available.
2026-01-05T11:51:16.496+05:30  WARN 21104 --- [market-search-service] [org.springframework.kafka.KafkaListenerEndpointContainer#0-0-C-1] [                                                 ] org.apache.kafka.clients.NetworkClient   : [Consumer clientId=consumer-market-search-1, groupId=market-search] Bootstrap broker localhost:9092 (id: -1 rack: null) disconnected
2026-01-05T11:51:17.664+05:30  INFO 21104 --- [market-search-service] [org.springframework.kafka.KafkaListenerEndpointContainer#0-0-C-1] [                                                 ] org.apache.kafka.clients.NetworkClient   : [Consumer clientId=consumer-market-search-1, groupId=market-search] Node -1 disconnected.
2026-01-05T11:51:17.666+05:30  WARN 21104 --- [market-search-service] [org.springframework.kafka.KafkaListenerEndpointContainer#0-0-C-1] [                                                 ] org.apache.kafka.clients.NetworkClient   : [Consumer clientId=consumer-market-search-1, groupId=market-search] Connection to node -1 (localhost/127.0.0.1:9092) could not be established. Broker may not be available.
2026-01-05T11:51:17.666+05:30  WARN 21104 --- [market-search-service] [org.springframework.kafka.KafkaListenerEndpointContainer#0-0-C-1] [                                                 ] org.apache.kafka.clients.NetworkClient   : [Consumer clientId=consumer-market-search-1, groupId=market-search] Bootstrap broker localhost:9092 (id: -1 rack: null) disconnected
2026-01-05T11:51:18.628+05:30  INFO 21104 --- [market-search-service] [org.springframework.kafka.KafkaListenerEndpointContainer#0-0-C-1] [                                                 ] org.apache.kafka.clients.NetworkClient   : [Consumer clientId=consumer-market-search-1, groupId=market-search] Node -1 disconnected.
2026-01-05T11:51:18.628+05:30  WARN 21104 --- [market-search-service] [org.springframework.kafka.KafkaListenerEndpointContainer#0-0-C-1] [                                                 ] org.apache.kafka.clients.NetworkClient   : [Consumer clientId=consumer-market-search-1, groupId=market-search] Connection to node -1 (localhost/127.0.0.1:9092) could not be established. Broker may not be available.
2026-01-05T11:51:18.628+05:30  WARN 21104 --- [market-search-service] [org.springframework.kafka.KafkaListenerEndpointContainer#0-0-C-1] [                                                 ] org.apache.kafka.clients.NetworkClient   : [Consumer clientId=consumer-market-search-1, groupId=market-search] Bootstrap broker localhost:9092 (id: -1 rack: null) disconnected
2026-01-05T11:51:19.730+05:30  INFO 21104 --- [market-search-service] [org.springframework.kafka.KafkaListenerEndpointContainer#0-0-C-1] [                                                 ] org.apache.kafka.clients.NetworkClient   : [Consumer clientId=consumer-market-search-1, groupId=market-search] Node -1 disconnected.
2026-01-05T11:51:19.730+05:30  WARN 21104 --- [market-search-service] [org.springframework.kafka.KafkaListenerEndpointContainer#0-0-C-1] [                                                 ] org.apache.kafka.clients.NetworkClient   : [Consumer clientId=consumer-market-search-1, groupId=market-search] Connection to node -1 (localhost/127.0.0.1:9092) could not be established. Broker may not be available.
2026-01-05T11:51:19.730+05:30  WARN 21104 --- [market-search-service] [org.springframework.kafka.KafkaListenerEndpointContainer#0-0-C-1] [                                                 ] org.apache.kafka.clients.NetworkClient   : [Consumer clientId=consumer-market-search-1, groupId=market-search] Bootstrap broker localhost:9092 (id: -1 rack: null) disconnected
2026-01-05T11:51:20.772+05:30  INFO 21104 --- [market-search-service] [org.springframework.kafka.KafkaListenerEndpointContainer#0-0-C-1] [                                                 ] org.apache.kafka.clients.NetworkClient   : [Consumer clientId=consumer-market-search-1, groupId=market-search] Node -1 disconnected.
2026-01-05T11:51:20.772+05:30  WARN 21104 --- [market-search-service] [org.springframework.kafka.KafkaListenerEndpointContainer#0-0-C-1] [                                                 ] org.apache.kafka.clients.NetworkClient   : [Consumer clientId=consumer-market-search-1, groupId=market-search] Connection to node -1 (localhost/127.0.0.1:9092) could not be established. Broker may not be available.
2026-01-05T11:51:20.772+05:30  WARN 21104 --- [market-search-service] [org.springframework.kafka.KafkaListenerEndpointContainer#0-0-C-1] [                                                 ] org.apache.kafka.clients.NetworkClient   : [Consumer clientId=consumer-market-search-1, groupId=market-search] Bootstrap broker localhost:9092 (id: -1 rack: null) disconnected
2026-01-05T11:51:21.751+05:30  INFO 21104 --- [market-search-service] [org.springframework.kafka.KafkaListenerEndpointContainer#0-0-C-1] [                                                 ] org.apache.kafka.clients.NetworkClient   : [Consumer clientId=consumer-market-search-1, groupId=market-search] Node -1 disconnected.
2026-01-05T11:51:21.751+05:30  WARN 21104 --- [market-search-service] [org.springframework.kafka.KafkaListenerEndpointContainer#0-0-C-1] [                                                 ] org.apache.kafka.clients.NetworkClient   : [Consumer clientId=consumer-market-search-1, groupId=market-search] Connection to node -1 (localhost/127.0.0.1:9092) could not be established. Broker may not be available.
2026-01-05T11:51:21.751+05:30  WARN 21104 --- [market-search-service] [org.springframework.kafka.KafkaListenerEndpointContainer#0-0-C-1] [                                                 ] org.apache.kafka.clients.NetworkClient   : [Consumer clientId=consumer-market-search-1, groupId=market-search] Bootstrap broker localhost:9092 (id: -1 rack: null) disconnected
2026-01-05T11:51:22.894+05:30  INFO 21104 --- [market-search-service] [org.springframework.kafka.KafkaListenerEndpointContainer#0-0-C-1] [                                                 ] org.apache.kafka.clients.NetworkClient   : [Consumer clientId=consumer-market-search-1, groupId=market-search] Node -1 disconnected.
2026-01-05T11:51:22.894+05:30  WARN 21104 --- [market-search-service] [org.springframework.kafka.KafkaListenerEndpointContainer#0-0-C-1] [                                                 ] org.apache.kafka.clients.NetworkClient   : [Consumer clientId=consumer-market-search-1, groupId=market-search] Connection to node -1 (localhost/127.0.0.1:9092) could not be established. Broker may not be available.
2026-01-05T11:51:22.894+05:30  WARN 21104 --- [market-search-service] [org.springframework.kafka.KafkaListenerEndpointContainer#0-0-C-1] [                                                 ] org.apache.kafka.clients.NetworkClient   : [Consumer clientId=consumer-market-search-1, groupId=market-search] Bootstrap broker localhost:9092 (id: -1 rack: null) disconnected
2026-01-05T11:51:23.825+05:30  INFO 21104 --- [market-search-service] [org.springframework.kafka.KafkaListenerEndpointContainer#0-0-C-1] [                                                 ] org.apache.kafka.clients.NetworkClient   : [Consumer clientId=consumer-market-search-1, groupId=market-search] Node -1 disconnected.
2026-01-05T11:51:23.825+05:30  WARN 21104 --- [market-search-service] [org.springframework.kafka.KafkaListenerEndpointContainer#0-0-C-1] [                                                 ] org.apache.kafka.clients.NetworkClient   : [Consumer clientId=consumer-market-search-1, groupId=market-search] Connection to node -1 (localhost/127.0.0.1:9092) could not be established. Broker may not be available.
2026-01-05T11:51:23.825+05:30  WARN 21104 --- [market-search-service] [org.springframework.kafka.KafkaListenerEndpointContainer#0-0-C-1] [                                                 ] org.apache.kafka.clients.NetworkClient   : [Consumer clientId=consumer-market-search-1, groupId=market-search] Bootstrap broker localhost:9092 (id: -1 rack: null) disconnected
2026-01-05T11:51:24.667+05:30  INFO 21104 --- [market-search-service] [org.springframework.kafka.KafkaListenerEndpointContainer#0-0-C-1] [                                                 ] org.apache.kafka.clients.NetworkClient   : [Consumer clientId=consumer-market-search-1, groupId=market-search] Node -1 disconnected.
2026-01-05T11:51:24.669+05:30  WARN 21104 --- [market-search-service] [org.springframework.kafka.KafkaListenerEndpointContainer#0-0-C-1] [                                                 ] org.apache.kafka.clients.NetworkClient   : [Consumer clientId=consumer-market-search-1, groupId=market-search] Connection to node -1 (localhost/127.0.0.1:9092) could not be established. Broker may not be available.
2026-01-05T11:51:24.669+05:30  WARN 21104 --- [market-search-service] [org.springframework.kafka.KafkaListenerEndpointContainer#0-0-C-1] [                                                 ] org.apache.kafka.clients.NetworkClient   : [Consumer clientId=consumer-market-search-1, groupId=market-search] Bootstrap broker localhost:9092 (id: -1 rack: null) disconnected
2026-01-05T11:51:25.699+05:30  INFO 21104 --- [market-search-service] [org.springframework.kafka.KafkaListenerEndpointContainer#0-0-C-1] [                                                 ] org.apache.kafka.clients.NetworkClient   : [Consumer clientId=consumer-market-search-1, groupId=market-search] Node -1 disconnected.
2026-01-05T11:51:25.699+05:30  WARN 21104 --- [market-search-service] [org.springframework.kafka.KafkaListenerEndpointContainer#0-0-C-1] [                                                 ] org.apache.kafka.clients.NetworkClient   : [Consumer clientId=consumer-market-search-1, groupId=market-search] Connection to node -1 (localhost/127.0.0.1:9092) could not be established. Broker may not be available.
2026-01-05T11:51:25.699+05:30  WARN 21104 --- [market-search-service] [org.springframework.kafka.KafkaListenerEndpointContainer#0-0-C-1] [                                                 ] org.apache.kafka.clients.NetworkClient   : [Consumer clientId=consumer-market-search-1, groupId=market-search] Bootstrap broker localhost:9092 (id: -1 rack: null) disconnected
2026-01-05T11:51:26.626+05:30  INFO 21104 --- [market-search-service] [org.springframework.kafka.KafkaListenerEndpointContainer#0-0-C-1] [                                                 ] org.apache.kafka.clients.NetworkClient   : [Consumer clientId=consumer-market-search-1, groupId=market-search] Node -1 disconnected.
2026-01-05T11:51:26.626+05:30  WARN 21104 --- [market-search-service] [org.springframework.kafka.KafkaListenerEndpointContainer#0-0-C-1] [                                                 ] org.apache.kafka.clients.NetworkClient   : [Consumer clientId=consumer-market-search-1, groupId=market-search] Connection to node -1 (localhost/127.0.0.1:9092) could not be established. Broker may not be available.
2026-01-05T11:51:26.626+05:30  WARN 21104 --- [market-search-service] [org.springframework.kafka.KafkaListenerEndpointContainer#0-0-C-1] [                                                 ] org.apache.kafka.clients.NetworkClient   : [Consumer clientId=consumer-market-search-1, groupId=market-search] Bootstrap broker localhost:9092 (id: -1 rack: null) disconnected
2026-01-05T11:51:27.502+05:30  INFO 21104 --- [market-search-service] [org.springframework.kafka.KafkaListenerEndpointContainer#0-0-C-1] [                                                 ] org.apache.kafka.clients.NetworkClient   : [Consumer clientId=consumer-market-search-1, groupId=market-search] Node -1 disconnected.
2026-01-05T11:51:27.502+05:30  WARN 21104 --- [market-search-service] [org.springframework.kafka.KafkaListenerEndpointContainer#0-0-C-1] [                                                 ] org.apache.kafka.clients.NetworkClient   : [Consumer clientId=consumer-market-search-1, groupId=market-search] Connection to node -1 (localhost/127.0.0.1:9092) could not be established. Broker may not be available.
2026-01-05T11:51:27.502+05:30  WARN 21104 --- [market-search-service] [org.springframework.kafka.KafkaListenerEndpointContainer#0-0-C-1] [                                                 ] org.apache.kafka.clients.NetworkClient   : [Consumer clientId=consumer-market-search-1, groupId=market-search] Bootstrap broker localhost:9092 (id: -1 rack: null) disconnected
2026-01-05T11:51:28.669+05:30  INFO 21104 --- [market-search-service] [org.springframework.kafka.KafkaListenerEndpointContainer#0-0-C-1] [                                                 ] org.apache.kafka.clients.NetworkClient   : [Consumer clientId=consumer-market-search-1, groupId=market-search] Node -1 disconnected.
2026-01-05T11:51:28.669+05:30  WARN 21104 --- [market-search-service] [org.springframework.kafka.KafkaListenerEndpointContainer#0-0-C-1] [                                                 ] org.apache.kafka.clients.NetworkClient   : [Consumer clientId=consumer-market-search-1, groupId=market-search] Connection to node -1 (localhost/127.0.0.1:9092) could not be established. Broker may not be available.
2026-01-05T11:51:28.669+05:30  WARN 21104 --- [market-search-service] [org.springframework.kafka.KafkaListenerEndpointContainer#0-0-C-1] [                                                 ] org.apache.kafka.clients.NetworkClient   : [Consumer clientId=consumer-market-search-1, groupId=market-search] Bootstrap broker localhost:9092 (id: -1 rack: null) disconnected
2026-01-05T11:51:29.870+05:30  INFO 21104 --- [market-search-service] [org.springframework.kafka.KafkaListenerEndpointContainer#0-0-C-1] [                                                 ] org.apache.kafka.clients.NetworkClient   : [Consumer clientId=consumer-market-search-1, groupId=market-search] Node -1 disconnected.
2026-01-05T11:51:29.870+05:30  WARN 21104 --- [market-search-service] [org.springframework.kafka.KafkaListenerEndpointContainer#0-0-C-1] [                                                 ] org.apache.kafka.clients.NetworkClient   : [Consumer clientId=consumer-market-search-1, groupId=market-search] Connection to node -1 (localhost/127.0.0.1:9092) could not be established. Broker may not be available.
2026-01-05T11:51:29.870+05:30  WARN 21104 --- [market-search-service] [org.springframework.kafka.KafkaListenerEndpointContainer#0-0-C-1] [                                                 ] org.apache.kafka.clients.NetworkClient   : [Consumer clientId=consumer-market-search-1, groupId=market-search] Bootstrap broker localhost:9092 (id: -1 rack: null) disconnected
2026-01-05T11:51:30.787+05:30  INFO 21104 --- [market-search-service] [org.springframework.kafka.KafkaListenerEndpointContainer#0-0-C-1] [                                                 ] org.apache.kafka.clients.NetworkClient   : [Consumer clientId=consumer-market-search-1, groupId=market-search] Node -1 disconnected.
2026-01-05T11:51:30.787+05:30  WARN 21104 --- [market-search-service] [org.springframework.kafka.KafkaListenerEndpointContainer#0-0-C-1] [                                                 ] org.apache.kafka.clients.NetworkClient   : [Consumer clientId=consumer-market-search-1, groupId=market-search] Connection to node -1 (localhost/127.0.0.1:9092) could not be established. Broker may not be available.
2026-01-05T11:51:30.787+05:30  WARN 21104 --- [market-search-service] [org.springframework.kafka.KafkaListenerEndpointContainer#0-0-C-1] [                                                 ] org.apache.kafka.clients.NetworkClient   : [Consumer clientId=consumer-market-search-1, groupId=market-search] Bootstrap broker localhost:9092 (id: -1 rack: null) disconnected
2026-01-05T11:51:31.773+05:30  INFO 21104 --- [market-search-service] [org.springframework.kafka.KafkaListenerEndpointContainer#0-0-C-1] [                                                 ] org.apache.kafka.clients.NetworkClient   : [Consumer clientId=consumer-market-search-1, groupId=market-search] Node -1 disconnected.
2026-01-05T11:51:31.773+05:30  WARN 21104 --- [market-search-service] [org.springframework.kafka.KafkaListenerEndpointContainer#0-0-C-1] [                                                 ] org.apache.kafka.clients.NetworkClient   : [Consumer clientId=consumer-market-search-1, groupId=market-search] Connection to node -1 (localhost/127.0.0.1:9092) could not be established. Broker may not be available.
2026-01-05T11:51:31.773+05:30  WARN 21104 --- [market-search-service] [org.springframework.kafka.KafkaListenerEndpointContainer#0-0-C-1] [                                                 ] org.apache.kafka.clients.NetworkClient   : [Consumer clientId=consumer-market-search-1, groupId=market-search] Bootstrap broker localhost:9092 (id: -1 rack: null) disconnected
2026-01-05T11:51:32.624+05:30  INFO 21104 --- [market-search-service] [org.springframework.kafka.KafkaListenerEndpointContainer#0-0-C-1] [                                                 ] org.apache.kafka.clients.NetworkClient   : [Consumer clientId=consumer-market-search-1, groupId=market-search] Node -1 disconnected.
2026-01-05T11:51:32.624+05:30  WARN 21104 --- [market-search-service] [org.springframework.kafka.KafkaListenerEndpointContainer#0-0-C-1] [                                                 ] org.apache.kafka.clients.NetworkClient   : [Consumer clientId=consumer-market-search-1, groupId=market-search] Connection to node -1 (localhost/127.0.0.1:9092) could not be established. Broker may not be available.
2026-01-05T11:51:32.624+05:30  WARN 21104 --- [market-search-service] [org.springframework.kafka.KafkaListenerEndpointContainer#0-0-C-1] [                                                 ] org.apache.kafka.clients.NetworkClient   : [Consumer clientId=consumer-market-search-1, groupId=market-search] Bootstrap broker localhost:9092 (id: -1 rack: null) disconnected
2026-01-05T11:51:33.686+05:30  INFO 21104 --- [market-search-service] [org.springframework.kafka.KafkaListenerEndpointContainer#0-0-C-1] [                                                 ] org.apache.kafka.clients.NetworkClient   : [Consumer clientId=consumer-market-search-1, groupId=market-search] Node -1 disconnected.
2026-01-05T11:51:33.686+05:30  WARN 21104 --- [market-search-service] [org.springframework.kafka.KafkaListenerEndpointContainer#0-0-C-1] [                                                 ] org.apache.kafka.clients.NetworkClient   : [Consumer clientId=consumer-market-search-1, groupId=market-search] Connection to node -1 (localhost/127.0.0.1:9092) could not be established. Broker may not be available.
2026-01-05T11:51:33.686+05:30  WARN 21104 --- [market-search-service] [org.springframework.kafka.KafkaListenerEndpointContainer#0-0-C-1] [                                                 ] org.apache.kafka.clients.NetworkClient   : [Consumer clientId=consumer-market-search-1, groupId=market-search] Bootstrap broker localhost:9092 (id: -1 rack: null) disconnected
2026-01-05T11:51:34.627+05:30  INFO 21104 --- [market-search-service] [org.springframework.kafka.KafkaListenerEndpointContainer#0-0-C-1] [                                                 ] org.apache.kafka.clients.NetworkClient   : [Consumer clientId=consumer-market-search-1, groupId=market-search] Node -1 disconnected.
2026-01-05T11:51:34.627+05:30  WARN 21104 --- [market-search-service] [org.springframework.kafka.KafkaListenerEndpointContainer#0-0-C-1] [                                                 ] org.apache.kafka.clients.NetworkClient   : [Consumer clientId=consumer-market-search-1, groupId=market-search] Connection to node -1 (localhost/127.0.0.1:9092) could not be established. Broker may not be available.
2026-01-05T11:51:34.627+05:30  WARN 21104 --- [market-search-service] [org.springframework.kafka.KafkaListenerEndpointContainer#0-0-C-1] [                                                 ] org.apache.kafka.clients.NetworkClient   : [Consumer clientId=consumer-market-search-1, groupId=market-search] Bootstrap broker localhost:9092 (id: -1 rack: null) disconnected
2026-01-05T11:51:35.317+05:30  INFO 21104 --- [market-search-service] [SpringApplicationShutdownHook] [                                                 ] o.s.c.n.e.s.EurekaServiceRegistry        : Unregistering application MARKET-SEARCH-SERVICE with eureka with status DOWN
2026-01-05T11:51:35.319+05:30  INFO 21104 --- [market-search-service] [SpringApplicationShutdownHook] [                                                 ] com.netflix.discovery.DiscoveryClient    : Saw local status change event StatusChangeEvent [timestamp=1767594095319, current=DOWN, previous=UP]
2026-01-05T11:51:35.319+05:30  INFO 21104 --- [market-search-service] [DiscoveryClient-InstanceInfoReplicator-%d] [                                                 ] com.netflix.discovery.DiscoveryClient    : DiscoveryClient_MARKET-SEARCH-SERVICE/TSIN21-NB044.infostretch.com:market-search-service:8090: registering service...
2026-01-05T11:51:35.323+05:30  INFO 21104 --- [market-search-service] [org.springframework.kafka.KafkaListenerEndpointContainer#0-0-C-1] [                                                 ] o.a.k.c.c.internals.ConsumerCoordinator  : [Consumer clientId=consumer-market-search-1, groupId=market-search] Resetting generation and member id due to: consumer pro-actively leaving the group
2026-01-05T11:51:35.326+05:30  INFO 21104 --- [market-search-service] [org.springframework.kafka.KafkaListenerEndpointContainer#0-0-C-1] [                                                 ] o.a.k.c.c.internals.ConsumerCoordinator  : [Consumer clientId=consumer-market-search-1, groupId=market-search] Request joining group due to: consumer pro-actively leaving the group
2026-01-05T11:51:35.326+05:30  INFO 21104 --- [market-search-service] [org.springframework.kafka.KafkaListenerEndpointContainer#0-0-C-1] [                                                 ] fkaConsumerFactory$ExtendedKafkaConsumer : [Consumer clientId=consumer-market-search-1, groupId=market-search] Unsubscribed all topics or patterns and assigned partitions
2026-01-05T11:51:35.326+05:30  INFO 21104 --- [market-search-service] [org.springframework.kafka.KafkaListenerEndpointContainer#0-0-C-1] [                                                 ] o.a.k.c.c.internals.ConsumerCoordinator  : [Consumer clientId=consumer-market-search-1, groupId=market-search] Resetting generation and member id due to: consumer pro-actively leaving the group
2026-01-05T11:51:35.328+05:30  INFO 21104 --- [market-search-service] [org.springframework.kafka.KafkaListenerEndpointContainer#0-0-C-1] [                                                 ] o.a.k.c.c.internals.ConsumerCoordinator  : [Consumer clientId=consumer-market-search-1, groupId=market-search] Request joining group due to: consumer pro-actively leaving the group
2026-01-05T11:51:35.330+05:30  INFO 21104 --- [market-search-service] [org.springframework.kafka.KafkaListenerEndpointContainer#0-0-C-1] [                                                 ] o.apache.kafka.common.metrics.Metrics    : Metrics scheduler closed
2026-01-05T11:51:35.330+05:30  INFO 21104 --- [market-search-service] [org.springframework.kafka.KafkaListenerEndpointContainer#0-0-C-1] [                                                 ] o.apache.kafka.common.metrics.Metrics    : Closing reporter org.apache.kafka.common.metrics.JmxReporter
2026-01-05T11:51:35.332+05:30  INFO 21104 --- [market-search-service] [org.springframework.kafka.KafkaListenerEndpointContainer#0-0-C-1] [                                                 ] o.apache.kafka.common.metrics.Metrics    : Metrics reporters closed
2026-01-05T11:51:35.334+05:30  INFO 21104 --- [market-search-service] [org.springframework.kafka.KafkaListenerEndpointContainer#0-0-C-1] [                                                 ] o.a.kafka.common.utils.AppInfoParser     : App info kafka.consumer for consumer-market-search-1 unregistered
2026-01-05T11:51:35.334+05:30  INFO 21104 --- [market-search-service] [org.springframework.kafka.KafkaListenerEndpointContainer#0-0-C-1] [                                                 ] o.s.k.l.KafkaMessageListenerContainer    : market-search: Consumer stopped
2026-01-05T11:51:35.349+05:30  INFO 21104 --- [market-search-service] [DiscoveryClient-InstanceInfoReplicator-%d] [                                                 ] c.n.d.s.t.d.RedirectingEurekaHttpClient  : Request execution error. endpoint=DefaultEndpoint{ serviceUrl='http://localhost:8761/eureka/}, exception=I/O error on POST request for "http://localhost:8761/eureka/apps/MARKET-SEARCH-SERVICE": Connect to http://localhost:8761 [localhost/127.0.0.1, localhost/0:0:0:0:0:0:0:1] failed: Connection refused: no further information stacktrace=org.springframework.web.client.ResourceAccessException: I/O error on POST request for "http://localhost:8761/eureka/apps/MARKET-SEARCH-SERVICE": Connect to http://localhost:8761 [localhost/127.0.0.1, localhost/0:0:0:0:0:0:0:1] failed: Connection refused: no further information
	at org.springframework.web.client.RestTemplate.createResourceAccessException(RestTemplate.java:915)
	at org.springframework.web.client.RestTemplate.doExecute(RestTemplate.java:895)
	at org.springframework.web.client.RestTemplate.execute(RestTemplate.java:830)
	at org.springframework.web.client.RestTemplate.exchange(RestTemplate.java:691)
	at org.springframework.cloud.netflix.eureka.http.RestTemplateEurekaHttpClient.register(RestTemplateEurekaHttpClient.java:83)
	at com.netflix.discovery.shared.transport.decorator.EurekaHttpClientDecorator$1.execute(EurekaHttpClientDecorator.java:59)
	at com.netflix.discovery.shared.transport.decorator.RedirectingEurekaHttpClient.executeOnNewServer(RedirectingEurekaHttpClient.java:121)
	at com.netflix.discovery.shared.transport.decorator.RedirectingEurekaHttpClient.execute(RedirectingEurekaHttpClient.java:80)
	at com.netflix.discovery.shared.transport.decorator.EurekaHttpClientDecorator.register(EurekaHttpClientDecorator.java:56)
	at com.netflix.discovery.shared.transport.decorator.EurekaHttpClientDecorator$1.execute(EurekaHttpClientDecorator.java:59)
	at com.netflix.discovery.shared.transport.decorator.RetryableEurekaHttpClient.execute(RetryableEurekaHttpClient.java:120)
	at com.netflix.discovery.shared.transport.decorator.EurekaHttpClientDecorator.register(EurekaHttpClientDecorator.java:56)
	at com.netflix.discovery.shared.transport.decorator.EurekaHttpClientDecorator$1.execute(EurekaHttpClientDecorator.java:59)
	at com.netflix.discovery.shared.transport.decorator.SessionedEurekaHttpClient.execute(SessionedEurekaHttpClient.java:76)
	at com.netflix.discovery.shared.transport.decorator.EurekaHttpClientDecorator.register(EurekaHttpClientDecorator.java:56)
	at com.netflix.discovery.DiscoveryClient.register(DiscoveryClient.java:828)
	at com.netflix.discovery.InstanceInfoReplicator.run(InstanceInfoReplicator.java:125)
	at com.netflix.discovery.InstanceInfoReplicator$2.run(InstanceInfoReplicator.java:105)
	at java.base/java.util.concurrent.Executors$RunnableAdapter.call(Executors.java:539)
	at java.base/java.util.concurrent.FutureTask.run(FutureTask.java:264)
	at java.base/java.util.concurrent.ScheduledThreadPoolExecutor$ScheduledFutureTask.run(ScheduledThreadPoolExecutor.java:304)
	at java.base/java.util.concurrent.ThreadPoolExecutor.runWorker(ThreadPoolExecutor.java:1136)
	at java.base/java.util.concurrent.ThreadPoolExecutor$Worker.run(ThreadPoolExecutor.java:635)
	at java.base/java.lang.Thread.run(Thread.java:842)
Caused by: org.apache.hc.client5.http.HttpHostConnectException: Connect to http://localhost:8761 [localhost/127.0.0.1, localhost/0:0:0:0:0:0:0:1] failed: Connection refused: no further information
	at java.base/sun.nio.ch.Net.pollConnect(Native Method)
	at java.base/sun.nio.ch.Net.pollConnectNow(Net.java:672)
	at java.base/sun.nio.ch.NioSocketImpl.timedFinishConnect(NioSocketImpl.java:547)
	at java.base/sun.nio.ch.NioSocketImpl.connect(NioSocketImpl.java:602)
	at java.base/java.net.SocksSocketImpl.connect(SocksSocketImpl.java:327)
	at java.base/java.net.Socket.connect(Socket.java:633)
	at org.apache.hc.client5.http.socket.PlainConnectionSocketFactory.lambda$connectSocket$0(PlainConnectionSocketFactory.java:91)
	at java.base/java.security.AccessController.doPrivileged(AccessController.java:569)
	at org.apache.hc.client5.http.socket.PlainConnectionSocketFactory.connectSocket(PlainConnectionSocketFactory.java:90)
	at org.apache.hc.client5.http.socket.ConnectionSocketFactory.connectSocket(ConnectionSocketFactory.java:123)
	at org.apache.hc.client5.http.impl.io.DefaultHttpClientConnectionOperator.connect(DefaultHttpClientConnectionOperator.java:184)
	at org.apache.hc.client5.http.impl.io.PoolingHttpClientConnectionManager.connect(PoolingHttpClientConnectionManager.java:447)
	at org.apache.hc.client5.http.impl.classic.InternalExecRuntime.connectEndpoint(InternalExecRuntime.java:162)
	at org.apache.hc.client5.http.impl.classic.InternalExecRuntime.connectEndpoint(InternalExecRuntime.java:172)
	at org.apache.hc.client5.http.impl.classic.ConnectExec.execute(ConnectExec.java:142)
	at org.apache.hc.client5.http.impl.classic.ExecChainElement.execute(ExecChainElement.java:51)
	at org.apache.hc.client5.http.impl.classic.ProtocolExec.execute(ProtocolExec.java:192)
	at org.apache.hc.client5.http.impl.classic.ExecChainElement.execute(ExecChainElement.java:51)
	at org.apache.hc.client5.http.impl.classic.HttpRequestRetryExec.execute(HttpRequestRetryExec.java:96)
	at org.apache.hc.client5.http.impl.classic.ExecChainElement.execute(ExecChainElement.java:51)
	at org.apache.hc.client5.http.impl.classic.ContentCompressionExec.execute(ContentCompressionExec.java:152)
	at org.apache.hc.client5.http.impl.classic.ExecChainElement.execute(ExecChainElement.java:51)
	at org.apache.hc.client5.http.impl.classic.RedirectExec.execute(RedirectExec.java:115)
	at org.apache.hc.client5.http.impl.classic.ExecChainElement.execute(ExecChainElement.java:51)
	at org.apache.hc.client5.http.impl.classic.InternalHttpClient.doExecute(InternalHttpClient.java:170)
	at org.apache.hc.client5.http.impl.classic.CloseableHttpClient.execute(CloseableHttpClient.java:87)
	at org.apache.hc.client5.http.impl.classic.CloseableHttpClient.execute(CloseableHttpClient.java:55)
	at org.apache.hc.client5.http.classic.HttpClient.executeOpen(HttpClient.java:183)
	at org.springframework.http.client.HttpComponentsClientHttpRequest.executeInternal(HttpComponentsClientHttpRequest.java:99)
	at org.springframework.http.client.AbstractStreamingClientHttpRequest.executeInternal(AbstractStreamingClientHttpRequest.java:70)
	at org.springframework.http.client.AbstractClientHttpRequest.execute(AbstractClientHttpRequest.java:66)
	at org.springframework.http.client.InterceptingClientHttpRequest$InterceptingRequestExecution.execute(InterceptingClientHttpRequest.java:112)
	at org.springframework.cloud.netflix.eureka.http.RestTemplateTransportClientFactory.lambda$restTemplate$3(RestTemplateTransportClientFactory.java:170)
	at org.springframework.http.client.InterceptingClientHttpRequest$InterceptingRequestExecution.execute(InterceptingClientHttpRequest.java:88)
	at org.springframework.http.client.InterceptingClientHttpRequest.executeInternal(InterceptingClientHttpRequest.java:72)
	at org.springframework.http.client.AbstractBufferingClientHttpRequest.executeInternal(AbstractBufferingClientHttpRequest.java:48)
	at org.springframework.http.client.AbstractClientHttpRequest.execute(AbstractClientHttpRequest.java:66)
	at org.springframework.web.client.RestTemplate.doExecute(RestTemplate.java:889)
	... 22 more

2026-01-05T11:51:35.349+05:30  WARN 21104 --- [market-search-service] [DiscoveryClient-InstanceInfoReplicator-%d] [                                                 ] c.n.d.s.t.d.RetryableEurekaHttpClient    : Request execution failed with message: I/O error on POST request for "http://localhost:8761/eureka/apps/MARKET-SEARCH-SERVICE": Connect to http://localhost:8761 [localhost/127.0.0.1, localhost/0:0:0:0:0:0:0:1] failed: Connection refused: no further information
2026-01-05T11:51:35.349+05:30  WARN 21104 --- [market-search-service] [DiscoveryClient-InstanceInfoReplicator-%d] [                                                 ] com.netflix.discovery.DiscoveryClient    : DiscoveryClient_MARKET-SEARCH-SERVICE/TSIN21-NB044.infostretch.com:market-search-service:8090 - registration failed Cannot execute request on any known server

com.netflix.discovery.shared.transport.TransportException: Cannot execute request on any known server
	at com.netflix.discovery.shared.transport.decorator.RetryableEurekaHttpClient.execute(RetryableEurekaHttpClient.java:112) ~[eureka-client-2.0.4.jar:2.0.4]
	at com.netflix.discovery.shared.transport.decorator.EurekaHttpClientDecorator.register(EurekaHttpClientDecorator.java:56) ~[eureka-client-2.0.4.jar:2.0.4]
	at com.netflix.discovery.shared.transport.decorator.EurekaHttpClientDecorator$1.execute(EurekaHttpClientDecorator.java:59) ~[eureka-client-2.0.4.jar:2.0.4]
	at com.netflix.discovery.shared.transport.decorator.SessionedEurekaHttpClient.execute(SessionedEurekaHttpClient.java:76) ~[eureka-client-2.0.4.jar:2.0.4]
	at com.netflix.discovery.shared.transport.decorator.EurekaHttpClientDecorator.register(EurekaHttpClientDecorator.java:56) ~[eureka-client-2.0.4.jar:2.0.4]
	at com.netflix.discovery.DiscoveryClient.register(DiscoveryClient.java:828) ~[eureka-client-2.0.4.jar:2.0.4]
	at com.netflix.discovery.InstanceInfoReplicator.run(InstanceInfoReplicator.java:125) ~[eureka-client-2.0.4.jar:2.0.4]
	at com.netflix.discovery.InstanceInfoReplicator$2.run(InstanceInfoReplicator.java:105) ~[eureka-client-2.0.4.jar:2.0.4]
	at java.base/java.util.concurrent.Executors$RunnableAdapter.call(Executors.java:539) ~[na:na]
	at java.base/java.util.concurrent.FutureTask.run(FutureTask.java:264) ~[na:na]
	at java.base/java.util.concurrent.ScheduledThreadPoolExecutor$ScheduledFutureTask.run(ScheduledThreadPoolExecutor.java:304) ~[na:na]
	at java.base/java.util.concurrent.ThreadPoolExecutor.runWorker(ThreadPoolExecutor.java:1136) ~[na:na]
	at java.base/java.util.concurrent.ThreadPoolExecutor$Worker.run(ThreadPoolExecutor.java:635) ~[na:na]
	at java.base/java.lang.Thread.run(Thread.java:842) ~[na:na]

2026-01-05T11:51:35.349+05:30  WARN 21104 --- [market-search-service] [DiscoveryClient-InstanceInfoReplicator-%d] [                                                 ] c.n.discovery.InstanceInfoReplicator     : There was a problem with the instance info replicator

com.netflix.discovery.shared.transport.TransportException: Cannot execute request on any known server
	at com.netflix.discovery.shared.transport.decorator.RetryableEurekaHttpClient.execute(RetryableEurekaHttpClient.java:112) ~[eureka-client-2.0.4.jar:2.0.4]
	at com.netflix.discovery.shared.transport.decorator.EurekaHttpClientDecorator.register(EurekaHttpClientDecorator.java:56) ~[eureka-client-2.0.4.jar:2.0.4]
	at com.netflix.discovery.shared.transport.decorator.EurekaHttpClientDecorator$1.execute(EurekaHttpClientDecorator.java:59) ~[eureka-client-2.0.4.jar:2.0.4]
	at com.netflix.discovery.shared.transport.decorator.SessionedEurekaHttpClient.execute(SessionedEurekaHttpClient.java:76) ~[eureka-client-2.0.4.jar:2.0.4]
	at com.netflix.discovery.shared.transport.decorator.EurekaHttpClientDecorator.register(EurekaHttpClientDecorator.java:56) ~[eureka-client-2.0.4.jar:2.0.4]
	at com.netflix.discovery.DiscoveryClient.register(DiscoveryClient.java:828) ~[eureka-client-2.0.4.jar:2.0.4]
	at com.netflix.discovery.InstanceInfoReplicator.run(InstanceInfoReplicator.java:125) ~[eureka-client-2.0.4.jar:2.0.4]
	at com.netflix.discovery.InstanceInfoReplicator$2.run(InstanceInfoReplicator.java:105) ~[eureka-client-2.0.4.jar:2.0.4]
	at java.base/java.util.concurrent.Executors$RunnableAdapter.call(Executors.java:539) ~[na:na]
	at java.base/java.util.concurrent.FutureTask.run(FutureTask.java:264) ~[na:na]
	at java.base/java.util.concurrent.ScheduledThreadPoolExecutor$ScheduledFutureTask.run(ScheduledThreadPoolExecutor.java:304) ~[na:na]
	at java.base/java.util.concurrent.ThreadPoolExecutor.runWorker(ThreadPoolExecutor.java:1136) ~[na:na]
	at java.base/java.util.concurrent.ThreadPoolExecutor$Worker.run(ThreadPoolExecutor.java:635) ~[na:na]
	at java.base/java.lang.Thread.run(Thread.java:842) ~[na:na]

2026-01-05T11:51:35.751+05:30  INFO 21104 --- [market-search-service] [SpringApplicationShutdownHook] [                                                 ] j.LocalContainerEntityManagerFactoryBean : Closing JPA EntityManagerFactory for persistence unit 'default'
2026-01-05T11:51:35.761+05:30  INFO 21104 --- [market-search-service] [SpringApplicationShutdownHook] [                                                 ] com.zaxxer.hikari.HikariDataSource       : HikariPool-1 - Shutdown initiated...
2026-01-05T11:51:35.768+05:30  INFO 21104 --- [market-search-service] [SpringApplicationShutdownHook] [                                                 ] com.zaxxer.hikari.HikariDataSource       : HikariPool-1 - Shutdown completed.
2026-01-05T11:51:36.513+05:30  INFO 21104 --- [market-search-service] [SpringApplicationShutdownHook] [                                                 ] com.netflix.discovery.DiscoveryClient    : Shutting down DiscoveryClient ...
2026-01-05T11:51:38.922+05:30  INFO 21104 --- [market-search-service] [DiscoveryClient-CacheRefreshExecutor-%d] [                                                 ] com.netflix.discovery.DiscoveryClient    : Disable delta property : false
2026-01-05T11:51:38.922+05:30  INFO 21104 --- [market-search-service] [DiscoveryClient-CacheRefreshExecutor-%d] [                                                 ] com.netflix.discovery.DiscoveryClient    : Single vip registry refresh property : null
2026-01-05T11:51:38.922+05:30  INFO 21104 --- [market-search-service] [DiscoveryClient-CacheRefreshExecutor-%d] [                                                 ] com.netflix.discovery.DiscoveryClient    : Force full registry fetch : false
2026-01-05T11:51:38.922+05:30  INFO 21104 --- [market-search-service] [DiscoveryClient-CacheRefreshExecutor-%d] [                                                 ] com.netflix.discovery.DiscoveryClient    : Application is null : false
2026-01-05T11:51:38.922+05:30  INFO 21104 --- [market-search-service] [DiscoveryClient-CacheRefreshExecutor-%d] [                                                 ] com.netflix.discovery.DiscoveryClient    : Registered Applications size is zero : true
2026-01-05T11:51:38.922+05:30  INFO 21104 --- [market-search-service] [DiscoveryClient-CacheRefreshExecutor-%d] [                                                 ] com.netflix.discovery.DiscoveryClient    : Application version is -1: true
2026-01-05T11:51:38.922+05:30  INFO 21104 --- [market-search-service] [DiscoveryClient-CacheRefreshExecutor-%d] [                                                 ] com.netflix.discovery.DiscoveryClient    : Getting all instance registry info from the eureka server
2026-01-05T11:51:38.962+05:30  INFO 21104 --- [market-search-service] [DiscoveryClient-HeartbeatExecutor-%d] [                                                 ] c.n.d.s.t.d.RedirectingEurekaHttpClient  : Request execution error. endpoint=DefaultEndpoint{ serviceUrl='http://localhost:8761/eureka/}, exception=I/O error on PUT request for "http://localhost:8761/eureka/apps/MARKET-SEARCH-SERVICE/TSIN21-NB044.infostretch.com:market-search-service:8090": Connect to http://localhost:8761 [localhost/127.0.0.1, localhost/0:0:0:0:0:0:0:1] failed: Connection refused: no further information stacktrace=org.springframework.web.client.ResourceAccessException: I/O error on PUT request for "http://localhost:8761/eureka/apps/MARKET-SEARCH-SERVICE/TSIN21-NB044.infostretch.com:market-search-service:8090": Connect to http://localhost:8761 [localhost/127.0.0.1, localhost/0:0:0:0:0:0:0:1] failed: Connection refused: no further information
	at org.springframework.web.client.RestTemplate.createResourceAccessException(RestTemplate.java:915)
	at org.springframework.web.client.RestTemplate.doExecute(RestTemplate.java:895)
	at org.springframework.web.client.RestTemplate.execute(RestTemplate.java:830)
	at org.springframework.web.client.RestTemplate.exchange(RestTemplate.java:691)
	at org.springframework.cloud.netflix.eureka.http.RestTemplateEurekaHttpClient.sendHeartBeat(RestTemplateEurekaHttpClient.java:115)
	at com.netflix.discovery.shared.transport.decorator.EurekaHttpClientDecorator$3.execute(EurekaHttpClientDecorator.java:92)
	at com.netflix.discovery.shared.transport.decorator.RedirectingEurekaHttpClient.executeOnNewServer(RedirectingEurekaHttpClient.java:121)
	at com.netflix.discovery.shared.transport.decorator.RedirectingEurekaHttpClient.execute(RedirectingEurekaHttpClient.java:80)
	at com.netflix.discovery.shared.transport.decorator.EurekaHttpClientDecorator.sendHeartBeat(EurekaHttpClientDecorator.java:89)
	at com.netflix.discovery.shared.transport.decorator.EurekaHttpClientDecorator$3.execute(EurekaHttpClientDecorator.java:92)
	at com.netflix.discovery.shared.transport.decorator.RetryableEurekaHttpClient.execute(RetryableEurekaHttpClient.java:120)
	at com.netflix.discovery.shared.transport.decorator.EurekaHttpClientDecorator.sendHeartBeat(EurekaHttpClientDecorator.java:89)
	at com.netflix.discovery.shared.transport.decorator.EurekaHttpClientDecorator$3.execute(EurekaHttpClientDecorator.java:92)
	at com.netflix.discovery.shared.transport.decorator.SessionedEurekaHttpClient.execute(SessionedEurekaHttpClient.java:76)
	at com.netflix.discovery.shared.transport.decorator.EurekaHttpClientDecorator.sendHeartBeat(EurekaHttpClientDecorator.java:89)
	at com.netflix.discovery.DiscoveryClient.renew(DiscoveryClient.java:845)
	at com.netflix.discovery.DiscoveryClient$HeartbeatThread.run(DiscoveryClient.java:1402)
	at java.base/java.util.concurrent.Executors$RunnableAdapter.call(Executors.java:539)
	at java.base/java.util.concurrent.FutureTask.run(FutureTask.java:264)
	at java.base/java.util.concurrent.ThreadPoolExecutor.runWorker(ThreadPoolExecutor.java:1136)
	at java.base/java.util.concurrent.ThreadPoolExecutor$Worker.run(ThreadPoolExecutor.java:635)
	at java.base/java.lang.Thread.run(Thread.java:842)
Caused by: org.apache.hc.client5.http.HttpHostConnectException: Connect to http://localhost:8761 [localhost/127.0.0.1, localhost/0:0:0:0:0:0:0:1] failed: Connection refused: no further information
	at java.base/sun.nio.ch.Net.pollConnect(Native Method)
	at java.base/sun.nio.ch.Net.pollConnectNow(Net.java:672)
	at java.base/sun.nio.ch.NioSocketImpl.timedFinishConnect(NioSocketImpl.java:547)
	at java.base/sun.nio.ch.NioSocketImpl.connect(NioSocketImpl.java:602)
	at java.base/java.net.SocksSocketImpl.connect(SocksSocketImpl.java:327)
	at java.base/java.net.Socket.connect(Socket.java:633)
	at org.apache.hc.client5.http.socket.PlainConnectionSocketFactory.lambda$connectSocket$0(PlainConnectionSocketFactory.java:91)
	at java.base/java.security.AccessController.doPrivileged(AccessController.java:569)
	at org.apache.hc.client5.http.socket.PlainConnectionSocketFactory.connectSocket(PlainConnectionSocketFactory.java:90)
	at org.apache.hc.client5.http.socket.ConnectionSocketFactory.connectSocket(ConnectionSocketFactory.java:123)
	at org.apache.hc.client5.http.impl.io.DefaultHttpClientConnectionOperator.connect(DefaultHttpClientConnectionOperator.java:184)
	at org.apache.hc.client5.http.impl.io.PoolingHttpClientConnectionManager.connect(PoolingHttpClientConnectionManager.java:447)
	at org.apache.hc.client5.http.impl.classic.InternalExecRuntime.connectEndpoint(InternalExecRuntime.java:162)
	at org.apache.hc.client5.http.impl.classic.InternalExecRuntime.connectEndpoint(InternalExecRuntime.java:172)
	at org.apache.hc.client5.http.impl.classic.ConnectExec.execute(ConnectExec.java:142)
	at org.apache.hc.client5.http.impl.classic.ExecChainElement.execute(ExecChainElement.java:51)
	at org.apache.hc.client5.http.impl.classic.ProtocolExec.execute(ProtocolExec.java:192)
	at org.apache.hc.client5.http.impl.classic.ExecChainElement.execute(ExecChainElement.java:51)
	at org.apache.hc.client5.http.impl.classic.HttpRequestRetryExec.execute(HttpRequestRetryExec.java:96)
	at org.apache.hc.client5.http.impl.classic.ExecChainElement.execute(ExecChainElement.java:51)
	at org.apache.hc.client5.http.impl.classic.ContentCompressionExec.execute(ContentCompressionExec.java:152)
	at org.apache.hc.client5.http.impl.classic.ExecChainElement.execute(ExecChainElement.java:51)
	at org.apache.hc.client5.http.impl.classic.RedirectExec.execute(RedirectExec.java:115)
	at org.apache.hc.client5.http.impl.classic.ExecChainElement.execute(ExecChainElement.java:51)
	at org.apache.hc.client5.http.impl.classic.InternalHttpClient.doExecute(InternalHttpClient.java:170)
	at org.apache.hc.client5.http.impl.classic.CloseableHttpClient.execute(CloseableHttpClient.java:87)
	at org.apache.hc.client5.http.impl.classic.CloseableHttpClient.execute(CloseableHttpClient.java:55)
	at org.apache.hc.client5.http.classic.HttpClient.executeOpen(HttpClient.java:183)
	at org.springframework.http.client.HttpComponentsClientHttpRequest.executeInternal(HttpComponentsClientHttpRequest.java:99)
	at org.springframework.http.client.AbstractStreamingClientHttpRequest.executeInternal(AbstractStreamingClientHttpRequest.java:70)
	at org.springframework.http.client.AbstractClientHttpRequest.execute(AbstractClientHttpRequest.java:66)
	at org.springframework.http.client.InterceptingClientHttpRequest$InterceptingRequestExecution.execute(InterceptingClientHttpRequest.java:112)
	at org.springframework.cloud.netflix.eureka.http.RestTemplateTransportClientFactory.lambda$restTemplate$3(RestTemplateTransportClientFactory.java:170)
	at org.springframework.http.client.InterceptingClientHttpRequest$InterceptingRequestExecution.execute(InterceptingClientHttpRequest.java:88)
	at org.springframework.http.client.InterceptingClientHttpRequest.executeInternal(InterceptingClientHttpRequest.java:72)
	at org.springframework.http.client.AbstractBufferingClientHttpRequest.executeInternal(AbstractBufferingClientHttpRequest.java:48)
	at org.springframework.http.client.AbstractClientHttpRequest.execute(AbstractClientHttpRequest.java:66)
	at org.springframework.web.client.RestTemplate.doExecute(RestTemplate.java:889)
	... 20 more

2026-01-05T11:51:38.962+05:30  INFO 21104 --- [market-search-service] [DiscoveryClient-CacheRefreshExecutor-%d] [                                                 ] c.n.d.s.t.d.RedirectingEurekaHttpClient  : Request execution error. endpoint=DefaultEndpoint{ serviceUrl='http://localhost:8761/eureka/}, exception=I/O error on GET request for "http://localhost:8761/eureka/apps/": Connect to http://localhost:8761 [localhost/127.0.0.1, localhost/0:0:0:0:0:0:0:1] failed: Connection refused: no further information stacktrace=org.springframework.web.client.ResourceAccessException: I/O error on GET request for "http://localhost:8761/eureka/apps/": Connect to http://localhost:8761 [localhost/127.0.0.1, localhost/0:0:0:0:0:0:0:1] failed: Connection refused: no further information
	at org.springframework.web.client.RestTemplate.createResourceAccessException(RestTemplate.java:915)
	at org.springframework.web.client.RestTemplate.doExecute(RestTemplate.java:895)
	at org.springframework.web.client.RestTemplate.execute(RestTemplate.java:830)
	at org.springframework.web.client.RestTemplate.exchange(RestTemplate.java:691)
	at org.springframework.cloud.netflix.eureka.http.RestTemplateEurekaHttpClient.getApplicationsInternal(RestTemplateEurekaHttpClient.java:170)
	at org.springframework.cloud.netflix.eureka.http.RestTemplateEurekaHttpClient.getApplications(RestTemplateEurekaHttpClient.java:158)
	at com.netflix.discovery.shared.transport.decorator.EurekaHttpClientDecorator$6.execute(EurekaHttpClientDecorator.java:137)
	at com.netflix.discovery.shared.transport.decorator.RedirectingEurekaHttpClient.executeOnNewServer(RedirectingEurekaHttpClient.java:121)
	at com.netflix.discovery.shared.transport.decorator.RedirectingEurekaHttpClient.execute(RedirectingEurekaHttpClient.java:80)
	at com.netflix.discovery.shared.transport.decorator.EurekaHttpClientDecorator.getApplications(EurekaHttpClientDecorator.java:134)
	at com.netflix.discovery.shared.transport.decorator.EurekaHttpClientDecorator$6.execute(EurekaHttpClientDecorator.java:137)
	at com.netflix.discovery.shared.transport.decorator.RetryableEurekaHttpClient.execute(RetryableEurekaHttpClient.java:120)
	at com.netflix.discovery.shared.transport.decorator.EurekaHttpClientDecorator.getApplications(EurekaHttpClientDecorator.java:134)
	at com.netflix.discovery.shared.transport.decorator.EurekaHttpClientDecorator$6.execute(EurekaHttpClientDecorator.java:137)
	at com.netflix.discovery.shared.transport.decorator.SessionedEurekaHttpClient.execute(SessionedEurekaHttpClient.java:76)
	at com.netflix.discovery.shared.transport.decorator.EurekaHttpClientDecorator.getApplications(EurekaHttpClientDecorator.java:134)
	at com.netflix.discovery.DiscoveryClient.getAndStoreFullRegistry(DiscoveryClient.java:1046)
	at com.netflix.discovery.DiscoveryClient.fetchRegistry(DiscoveryClient.java:961)
	at com.netflix.discovery.DiscoveryClient.refreshRegistry(DiscoveryClient.java:1473)
	at com.netflix.discovery.DiscoveryClient$CacheRefreshThread.run(DiscoveryClient.java:1441)
	at java.base/java.util.concurrent.Executors$RunnableAdapter.call(Executors.java:539)
	at java.base/java.util.concurrent.FutureTask.run(FutureTask.java:264)
	at java.base/java.util.concurrent.ThreadPoolExecutor.runWorker(ThreadPoolExecutor.java:1136)
	at java.base/java.util.concurrent.ThreadPoolExecutor$Worker.run(ThreadPoolExecutor.java:635)
	at java.base/java.lang.Thread.run(Thread.java:842)
Caused by: org.apache.hc.client5.http.HttpHostConnectException: Connect to http://localhost:8761 [localhost/127.0.0.1, localhost/0:0:0:0:0:0:0:1] failed: Connection refused: no further information
	at java.base/sun.nio.ch.Net.pollConnect(Native Method)
	at java.base/sun.nio.ch.Net.pollConnectNow(Net.java:672)
	at java.base/sun.nio.ch.NioSocketImpl.timedFinishConnect(NioSocketImpl.java:547)
	at java.base/sun.nio.ch.NioSocketImpl.connect(NioSocketImpl.java:602)
	at java.base/java.net.SocksSocketImpl.connect(SocksSocketImpl.java:327)
	at java.base/java.net.Socket.connect(Socket.java:633)
	at org.apache.hc.client5.http.socket.PlainConnectionSocketFactory.lambda$connectSocket$0(PlainConnectionSocketFactory.java:91)
	at java.base/java.security.AccessController.doPrivileged(AccessController.java:569)
	at org.apache.hc.client5.http.socket.PlainConnectionSocketFactory.connectSocket(PlainConnectionSocketFactory.java:90)
	at org.apache.hc.client5.http.socket.ConnectionSocketFactory.connectSocket(ConnectionSocketFactory.java:123)
	at org.apache.hc.client5.http.impl.io.DefaultHttpClientConnectionOperator.connect(DefaultHttpClientConnectionOperator.java:184)
	at org.apache.hc.client5.http.impl.io.PoolingHttpClientConnectionManager.connect(PoolingHttpClientConnectionManager.java:447)
	at org.apache.hc.client5.http.impl.classic.InternalExecRuntime.connectEndpoint(InternalExecRuntime.java:162)
	at org.apache.hc.client5.http.impl.classic.InternalExecRuntime.connectEndpoint(InternalExecRuntime.java:172)
	at org.apache.hc.client5.http.impl.classic.ConnectExec.execute(ConnectExec.java:142)
	at org.apache.hc.client5.http.impl.classic.ExecChainElement.execute(ExecChainElement.java:51)
	at org.apache.hc.client5.http.impl.classic.ProtocolExec.execute(ProtocolExec.java:192)
	at org.apache.hc.client5.http.impl.classic.ExecChainElement.execute(ExecChainElement.java:51)
	at org.apache.hc.client5.http.impl.classic.HttpRequestRetryExec.execute(HttpRequestRetryExec.java:96)
	at org.apache.hc.client5.http.impl.classic.ExecChainElement.execute(ExecChainElement.java:51)
	at org.apache.hc.client5.http.impl.classic.ContentCompressionExec.execute(ContentCompressionExec.java:152)
	at org.apache.hc.client5.http.impl.classic.ExecChainElement.execute(ExecChainElement.java:51)
	at org.apache.hc.client5.http.impl.classic.RedirectExec.execute(RedirectExec.java:115)
	at org.apache.hc.client5.http.impl.classic.ExecChainElement.execute(ExecChainElement.java:51)
	at org.apache.hc.client5.http.impl.classic.InternalHttpClient.doExecute(InternalHttpClient.java:170)
	at org.apache.hc.client5.http.impl.classic.CloseableHttpClient.execute(CloseableHttpClient.java:87)
	at org.apache.hc.client5.http.impl.classic.CloseableHttpClient.execute(CloseableHttpClient.java:55)
	at org.apache.hc.client5.http.classic.HttpClient.executeOpen(HttpClient.java:183)
	at org.springframework.http.client.HttpComponentsClientHttpRequest.executeInternal(HttpComponentsClientHttpRequest.java:99)
	at org.springframework.http.client.AbstractStreamingClientHttpRequest.executeInternal(AbstractStreamingClientHttpRequest.java:70)
	at org.springframework.http.client.AbstractClientHttpRequest.execute(AbstractClientHttpRequest.java:66)
	at org.springframework.http.client.InterceptingClientHttpRequest$InterceptingRequestExecution.execute(InterceptingClientHttpRequest.java:112)
	at org.springframework.cloud.netflix.eureka.http.RestTemplateTransportClientFactory.lambda$restTemplate$3(RestTemplateTransportClientFactory.java:170)
	at org.springframework.http.client.InterceptingClientHttpRequest$InterceptingRequestExecution.execute(InterceptingClientHttpRequest.java:88)
	at org.springframework.http.client.InterceptingClientHttpRequest.executeInternal(InterceptingClientHttpRequest.java:72)
	at org.springframework.http.client.AbstractBufferingClientHttpRequest.executeInternal(AbstractBufferingClientHttpRequest.java:48)
	at org.springframework.http.client.AbstractClientHttpRequest.execute(AbstractClientHttpRequest.java:66)
	at org.springframework.web.client.RestTemplate.doExecute(RestTemplate.java:889)
	... 23 more

2026-01-05T11:51:38.962+05:30  WARN 21104 --- [market-search-service] [DiscoveryClient-HeartbeatExecutor-%d] [                                                 ] c.n.d.s.t.d.RetryableEurekaHttpClient    : Request execution failed with message: I/O error on PUT request for "http://localhost:8761/eureka/apps/MARKET-SEARCH-SERVICE/TSIN21-NB044.infostretch.com:market-search-service:8090": Connect to http://localhost:8761 [localhost/127.0.0.1, localhost/0:0:0:0:0:0:0:1] failed: Connection refused: no further information
2026-01-05T11:51:38.962+05:30  WARN 21104 --- [market-search-service] [DiscoveryClient-CacheRefreshExecutor-%d] [                                                 ] c.n.d.s.t.d.RetryableEurekaHttpClient    : Request execution failed with message: I/O error on GET request for "http://localhost:8761/eureka/apps/": Connect to http://localhost:8761 [localhost/127.0.0.1, localhost/0:0:0:0:0:0:0:1] failed: Connection refused: no further information
2026-01-05T11:51:38.962+05:30  INFO 21104 --- [market-search-service] [DiscoveryClient-CacheRefreshExecutor-%d] [                                                 ] com.netflix.discovery.DiscoveryClient    : DiscoveryClient_MARKET-SEARCH-SERVICE/TSIN21-NB044.infostretch.com:market-search-service:8090 - was unable to refresh its cache! This periodic background refresh will be retried in 30 seconds. status = Cannot execute request on any known server stacktrace = com.netflix.discovery.shared.transport.TransportException: Cannot execute request on any known server
	at com.netflix.discovery.shared.transport.decorator.RetryableEurekaHttpClient.execute(RetryableEurekaHttpClient.java:112)
	at com.netflix.discovery.shared.transport.decorator.EurekaHttpClientDecorator.getApplications(EurekaHttpClientDecorator.java:134)
	at com.netflix.discovery.shared.transport.decorator.EurekaHttpClientDecorator$6.execute(EurekaHttpClientDecorator.java:137)
	at com.netflix.discovery.shared.transport.decorator.SessionedEurekaHttpClient.execute(SessionedEurekaHttpClient.java:76)
	at com.netflix.discovery.shared.transport.decorator.EurekaHttpClientDecorator.getApplications(EurekaHttpClientDecorator.java:134)
	at com.netflix.discovery.DiscoveryClient.getAndStoreFullRegistry(DiscoveryClient.java:1046)
	at com.netflix.discovery.DiscoveryClient.fetchRegistry(DiscoveryClient.java:961)
	at com.netflix.discovery.DiscoveryClient.refreshRegistry(DiscoveryClient.java:1473)
	at com.netflix.discovery.DiscoveryClient$CacheRefreshThread.run(DiscoveryClient.java:1441)
	at java.base/java.util.concurrent.Executors$RunnableAdapter.call(Executors.java:539)
	at java.base/java.util.concurrent.FutureTask.run(FutureTask.java:264)
	at java.base/java.util.concurrent.ThreadPoolExecutor.runWorker(ThreadPoolExecutor.java:1136)
	at java.base/java.util.concurrent.ThreadPoolExecutor$Worker.run(ThreadPoolExecutor.java:635)
	at java.base/java.lang.Thread.run(Thread.java:842)

2026-01-05T11:51:38.962+05:30 ERROR 21104 --- [market-search-service] [DiscoveryClient-HeartbeatExecutor-%d] [                                                 ] com.netflix.discovery.DiscoveryClient    : DiscoveryClient_MARKET-SEARCH-SERVICE/TSIN21-NB044.infostretch.com:market-search-service:8090 - was unable to send heartbeat!

com.netflix.discovery.shared.transport.TransportException: Cannot execute request on any known server
	at com.netflix.discovery.shared.transport.decorator.RetryableEurekaHttpClient.execute(RetryableEurekaHttpClient.java:112) ~[eureka-client-2.0.4.jar:2.0.4]
	at com.netflix.discovery.shared.transport.decorator.EurekaHttpClientDecorator.sendHeartBeat(EurekaHttpClientDecorator.java:89) ~[eureka-client-2.0.4.jar:2.0.4]
	at com.netflix.discovery.shared.transport.decorator.EurekaHttpClientDecorator$3.execute(EurekaHttpClientDecorator.java:92) ~[eureka-client-2.0.4.jar:2.0.4]
	at com.netflix.discovery.shared.transport.decorator.SessionedEurekaHttpClient.execute(SessionedEurekaHttpClient.java:76) ~[eureka-client-2.0.4.jar:2.0.4]
	at com.netflix.discovery.shared.transport.decorator.EurekaHttpClientDecorator.sendHeartBeat(EurekaHttpClientDecorator.java:89) ~[eureka-client-2.0.4.jar:2.0.4]
	at com.netflix.discovery.DiscoveryClient.renew(DiscoveryClient.java:845) ~[eureka-client-2.0.4.jar:2.0.4]
	at com.netflix.discovery.DiscoveryClient$HeartbeatThread.run(DiscoveryClient.java:1402) ~[eureka-client-2.0.4.jar:2.0.4]
	at java.base/java.util.concurrent.Executors$RunnableAdapter.call(Executors.java:539) ~[na:na]
	at java.base/java.util.concurrent.FutureTask.run(FutureTask.java:264) ~[na:na]
	at java.base/java.util.concurrent.ThreadPoolExecutor.runWorker(ThreadPoolExecutor.java:1136) ~[na:na]
	at java.base/java.util.concurrent.ThreadPoolExecutor$Worker.run(ThreadPoolExecutor.java:635) ~[na:na]
	at java.base/java.lang.Thread.run(Thread.java:842) ~[na:na]

2026-01-05T11:51:39.518+05:30  INFO 21104 --- [market-search-service] [SpringApplicationShutdownHook] [                                                 ] com.netflix.discovery.DiscoveryClient    : Unregistering ...
2026-01-05T11:51:39.551+05:30  INFO 21104 --- [market-search-service] [SpringApplicationShutdownHook] [                                                 ] c.n.d.s.t.d.RedirectingEurekaHttpClient  : Request execution error. endpoint=DefaultEndpoint{ serviceUrl='http://localhost:8761/eureka/}, exception=I/O error on DELETE request for "http://localhost:8761/eureka/apps/MARKET-SEARCH-SERVICE/TSIN21-NB044.infostretch.com:market-search-service:8090": Connect to http://localhost:8761 [localhost/127.0.0.1, localhost/0:0:0:0:0:0:0:1] failed: Connection refused: no further information stacktrace=org.springframework.web.client.ResourceAccessException: I/O error on DELETE request for "http://localhost:8761/eureka/apps/MARKET-SEARCH-SERVICE/TSIN21-NB044.infostretch.com:market-search-service:8090": Connect to http://localhost:8761 [localhost/127.0.0.1, localhost/0:0:0:0:0:0:0:1] failed: Connection refused: no further information
	at org.springframework.web.client.RestTemplate.createResourceAccessException(RestTemplate.java:915)
	at org.springframework.web.client.RestTemplate.doExecute(RestTemplate.java:895)
	at org.springframework.web.client.RestTemplate.execute(RestTemplate.java:830)
	at org.springframework.web.client.RestTemplate.exchange(RestTemplate.java:691)
	at org.springframework.cloud.netflix.eureka.http.RestTemplateEurekaHttpClient.cancel(RestTemplateEurekaHttpClient.java:96)
	at com.netflix.discovery.shared.transport.decorator.EurekaHttpClientDecorator$2.execute(EurekaHttpClientDecorator.java:74)
	at com.netflix.discovery.shared.transport.decorator.RedirectingEurekaHttpClient.executeOnNewServer(RedirectingEurekaHttpClient.java:121)
	at com.netflix.discovery.shared.transport.decorator.RedirectingEurekaHttpClient.execute(RedirectingEurekaHttpClient.java:80)
	at com.netflix.discovery.shared.transport.decorator.EurekaHttpClientDecorator.cancel(EurekaHttpClientDecorator.java:71)
	at com.netflix.discovery.shared.transport.decorator.EurekaHttpClientDecorator$2.execute(EurekaHttpClientDecorator.java:74)
	at com.netflix.discovery.shared.transport.decorator.RetryableEurekaHttpClient.execute(RetryableEurekaHttpClient.java:120)
	at com.netflix.discovery.shared.transport.decorator.EurekaHttpClientDecorator.cancel(EurekaHttpClientDecorator.java:71)
	at com.netflix.discovery.shared.transport.decorator.EurekaHttpClientDecorator$2.execute(EurekaHttpClientDecorator.java:74)
	at com.netflix.discovery.shared.transport.decorator.SessionedEurekaHttpClient.execute(SessionedEurekaHttpClient.java:76)
	at com.netflix.discovery.shared.transport.decorator.EurekaHttpClientDecorator.cancel(EurekaHttpClientDecorator.java:71)
	at com.netflix.discovery.DiscoveryClient.unregister(DiscoveryClient.java:919)
	at com.netflix.discovery.DiscoveryClient.shutdown(DiscoveryClient.java:900)
	at java.base/jdk.internal.reflect.NativeMethodAccessorImpl.invoke0(Native Method)
	at java.base/jdk.internal.reflect.NativeMethodAccessorImpl.invoke(NativeMethodAccessorImpl.java:77)
	at java.base/jdk.internal.reflect.DelegatingMethodAccessorImpl.invoke(DelegatingMethodAccessorImpl.java:43)
	at java.base/java.lang.reflect.Method.invoke(Method.java:568)
	at org.springframework.beans.factory.annotation.InitDestroyAnnotationBeanPostProcessor$LifecycleMethod.invoke(InitDestroyAnnotationBeanPostProcessor.java:457)
	at org.springframework.beans.factory.annotation.InitDestroyAnnotationBeanPostProcessor$LifecycleMetadata.invokeDestroyMethods(InitDestroyAnnotationBeanPostProcessor.java:415)
	at org.springframework.beans.factory.annotation.InitDestroyAnnotationBeanPostProcessor.postProcessBeforeDestruction(InitDestroyAnnotationBeanPostProcessor.java:239)
	at org.springframework.beans.factory.support.DisposableBeanAdapter.destroy(DisposableBeanAdapter.java:202)
	at org.springframework.beans.factory.support.DisposableBeanAdapter.run(DisposableBeanAdapter.java:195)
	at org.springframework.cloud.context.scope.GenericScope$BeanLifecycleWrapper.destroy(GenericScope.java:389)
	at org.springframework.cloud.context.scope.GenericScope.destroy(GenericScope.java:136)
	at org.springframework.beans.factory.support.DisposableBeanAdapter.destroy(DisposableBeanAdapter.java:211)
	at org.springframework.beans.factory.support.DefaultSingletonBeanRegistry.destroyBean(DefaultSingletonBeanRegistry.java:587)
	at org.springframework.beans.factory.support.DefaultSingletonBeanRegistry.destroySingleton(DefaultSingletonBeanRegistry.java:559)
	at org.springframework.beans.factory.support.DefaultListableBeanFactory.destroySingleton(DefaultListableBeanFactory.java:1202)
	at org.springframework.beans.factory.support.DefaultSingletonBeanRegistry.destroySingletons(DefaultSingletonBeanRegistry.java:520)
	at org.springframework.beans.factory.support.DefaultListableBeanFactory.destroySingletons(DefaultListableBeanFactory.java:1195)
	at org.springframework.context.support.AbstractApplicationContext.destroyBeans(AbstractApplicationContext.java:1195)
	at org.springframework.context.support.AbstractApplicationContext.doClose(AbstractApplicationContext.java:1156)
	at org.springframework.boot.web.servlet.context.ServletWebServerApplicationContext.doClose(ServletWebServerApplicationContext.java:174)
	at org.springframework.context.support.AbstractApplicationContext.close(AbstractApplicationContext.java:1102)
	at org.springframework.boot.SpringApplicationShutdownHook.closeAndWait(SpringApplicationShutdownHook.java:145)
	at java.base/java.lang.Iterable.forEach(Iterable.java:75)
	at org.springframework.boot.SpringApplicationShutdownHook.run(SpringApplicationShutdownHook.java:114)
	at java.base/java.lang.Thread.run(Thread.java:842)
Caused by: org.apache.hc.client5.http.HttpHostConnectException: Connect to http://localhost:8761 [localhost/127.0.0.1, localhost/0:0:0:0:0:0:0:1] failed: Connection refused: no further information
	at java.base/sun.nio.ch.Net.pollConnect(Native Method)
	at java.base/sun.nio.ch.Net.pollConnectNow(Net.java:672)
	at java.base/sun.nio.ch.NioSocketImpl.timedFinishConnect(NioSocketImpl.java:547)
	at java.base/sun.nio.ch.NioSocketImpl.connect(NioSocketImpl.java:602)
	at java.base/java.net.SocksSocketImpl.connect(SocksSocketImpl.java:327)
	at java.base/java.net.Socket.connect(Socket.java:633)
	at org.apache.hc.client5.http.socket.PlainConnectionSocketFactory.lambda$connectSocket$0(PlainConnectionSocketFactory.java:91)
	at java.base/java.security.AccessController.doPrivileged(AccessController.java:569)
	at org.apache.hc.client5.http.socket.PlainConnectionSocketFactory.connectSocket(PlainConnectionSocketFactory.java:90)
	at org.apache.hc.client5.http.socket.ConnectionSocketFactory.connectSocket(ConnectionSocketFactory.java:123)
	at org.apache.hc.client5.http.impl.io.DefaultHttpClientConnectionOperator.connect(DefaultHttpClientConnectionOperator.java:184)
	at org.apache.hc.client5.http.impl.io.PoolingHttpClientConnectionManager.connect(PoolingHttpClientConnectionManager.java:447)
	at org.apache.hc.client5.http.impl.classic.InternalExecRuntime.connectEndpoint(InternalExecRuntime.java:162)
	at org.apache.hc.client5.http.impl.classic.InternalExecRuntime.connectEndpoint(InternalExecRuntime.java:172)
	at org.apache.hc.client5.http.impl.classic.ConnectExec.execute(ConnectExec.java:142)
	at org.apache.hc.client5.http.impl.classic.ExecChainElement.execute(ExecChainElement.java:51)
	at org.apache.hc.client5.http.impl.classic.ProtocolExec.execute(ProtocolExec.java:192)
	at org.apache.hc.client5.http.impl.classic.ExecChainElement.execute(ExecChainElement.java:51)
	at org.apache.hc.client5.http.impl.classic.HttpRequestRetryExec.execute(HttpRequestRetryExec.java:96)
	at org.apache.hc.client5.http.impl.classic.ExecChainElement.execute(ExecChainElement.java:51)
	at org.apache.hc.client5.http.impl.classic.ContentCompressionExec.execute(ContentCompressionExec.java:152)
	at org.apache.hc.client5.http.impl.classic.ExecChainElement.execute(ExecChainElement.java:51)
	at org.apache.hc.client5.http.impl.classic.RedirectExec.execute(RedirectExec.java:115)
	at org.apache.hc.client5.http.impl.classic.ExecChainElement.execute(ExecChainElement.java:51)
	at org.apache.hc.client5.http.impl.classic.InternalHttpClient.doExecute(InternalHttpClient.java:170)
	at org.apache.hc.client5.http.impl.classic.CloseableHttpClient.execute(CloseableHttpClient.java:87)
	at org.apache.hc.client5.http.impl.classic.CloseableHttpClient.execute(CloseableHttpClient.java:55)
	at org.apache.hc.client5.http.classic.HttpClient.executeOpen(HttpClient.java:183)
	at org.springframework.http.client.HttpComponentsClientHttpRequest.executeInternal(HttpComponentsClientHttpRequest.java:99)
	at org.springframework.http.client.AbstractStreamingClientHttpRequest.executeInternal(AbstractStreamingClientHttpRequest.java:70)
	at org.springframework.http.client.AbstractClientHttpRequest.execute(AbstractClientHttpRequest.java:66)
	at org.springframework.http.client.InterceptingClientHttpRequest$InterceptingRequestExecution.execute(InterceptingClientHttpRequest.java:112)
	at org.springframework.cloud.netflix.eureka.http.RestTemplateTransportClientFactory.lambda$restTemplate$3(RestTemplateTransportClientFactory.java:170)
	at org.springframework.http.client.InterceptingClientHttpRequest$InterceptingRequestExecution.execute(InterceptingClientHttpRequest.java:88)
	at org.springframework.http.client.InterceptingClientHttpRequest.executeInternal(InterceptingClientHttpRequest.java:72)
	at org.springframework.http.client.AbstractBufferingClientHttpRequest.executeInternal(AbstractBufferingClientHttpRequest.java:48)
	at org.springframework.http.client.AbstractClientHttpRequest.execute(AbstractClientHttpRequest.java:66)
	at org.springframework.web.client.RestTemplate.doExecute(RestTemplate.java:889)
	... 40 more

2026-01-05T11:51:39.551+05:30  WARN 21104 --- [market-search-service] [SpringApplicationShutdownHook] [                                                 ] c.n.d.s.t.d.RetryableEurekaHttpClient    : Request execution failed with message: I/O error on DELETE request for "http://localhost:8761/eureka/apps/MARKET-SEARCH-SERVICE/TSIN21-NB044.infostretch.com:market-search-service:8090": Connect to http://localhost:8761 [localhost/127.0.0.1, localhost/0:0:0:0:0:0:0:1] failed: Connection refused: no further information
2026-01-05T11:51:39.551+05:30 ERROR 21104 --- [market-search-service] [SpringApplicationShutdownHook] [                                                 ] com.netflix.discovery.DiscoveryClient    : DiscoveryClient_MARKET-SEARCH-SERVICE/TSIN21-NB044.infostretch.com:market-search-service:8090 - de-registration failedCannot execute request on any known server

com.netflix.discovery.shared.transport.TransportException: Cannot execute request on any known server
	at com.netflix.discovery.shared.transport.decorator.RetryableEurekaHttpClient.execute(RetryableEurekaHttpClient.java:112) ~[eureka-client-2.0.4.jar:2.0.4]
	at com.netflix.discovery.shared.transport.decorator.EurekaHttpClientDecorator.cancel(EurekaHttpClientDecorator.java:71) ~[eureka-client-2.0.4.jar:2.0.4]
	at com.netflix.discovery.shared.transport.decorator.EurekaHttpClientDecorator$2.execute(EurekaHttpClientDecorator.java:74) ~[eureka-client-2.0.4.jar:2.0.4]
	at com.netflix.discovery.shared.transport.decorator.SessionedEurekaHttpClient.execute(SessionedEurekaHttpClient.java:76) ~[eureka-client-2.0.4.jar:2.0.4]
	at com.netflix.discovery.shared.transport.decorator.EurekaHttpClientDecorator.cancel(EurekaHttpClientDecorator.java:71) ~[eureka-client-2.0.4.jar:2.0.4]
	at com.netflix.discovery.DiscoveryClient.unregister(DiscoveryClient.java:919) ~[eureka-client-2.0.4.jar:2.0.4]
	at com.netflix.discovery.DiscoveryClient.shutdown(DiscoveryClient.java:900) ~[eureka-client-2.0.4.jar:2.0.4]
	at java.base/jdk.internal.reflect.NativeMethodAccessorImpl.invoke0(Native Method) ~[na:na]
	at java.base/jdk.internal.reflect.NativeMethodAccessorImpl.invoke(NativeMethodAccessorImpl.java:77) ~[na:na]
	at java.base/jdk.internal.reflect.DelegatingMethodAccessorImpl.invoke(DelegatingMethodAccessorImpl.java:43) ~[na:na]
	at java.base/java.lang.reflect.Method.invoke(Method.java:568) ~[na:na]
	at org.springframework.beans.factory.annotation.InitDestroyAnnotationBeanPostProcessor$LifecycleMethod.invoke(InitDestroyAnnotationBeanPostProcessor.java:457) ~[spring-beans-6.1.15.jar:6.1.15]
	at org.springframework.beans.factory.annotation.InitDestroyAnnotationBeanPostProcessor$LifecycleMetadata.invokeDestroyMethods(InitDestroyAnnotationBeanPostProcessor.java:415) ~[spring-beans-6.1.15.jar:6.1.15]
	at org.springframework.beans.factory.annotation.InitDestroyAnnotationBeanPostProcessor.postProcessBeforeDestruction(InitDestroyAnnotationBeanPostProcessor.java:239) ~[spring-beans-6.1.15.jar:6.1.15]
	at org.springframework.beans.factory.support.DisposableBeanAdapter.destroy(DisposableBeanAdapter.java:202) ~[spring-beans-6.1.15.jar:6.1.15]
	at org.springframework.beans.factory.support.DisposableBeanAdapter.run(DisposableBeanAdapter.java:195) ~[spring-beans-6.1.15.jar:6.1.15]
	at org.springframework.cloud.context.scope.GenericScope$BeanLifecycleWrapper.destroy(GenericScope.java:389) ~[spring-cloud-context-4.1.5.jar:4.1.5]
	at org.springframework.cloud.context.scope.GenericScope.destroy(GenericScope.java:136) ~[spring-cloud-context-4.1.5.jar:4.1.5]
	at org.springframework.beans.factory.support.DisposableBeanAdapter.destroy(DisposableBeanAdapter.java:211) ~[spring-beans-6.1.15.jar:6.1.15]
	at org.springframework.beans.factory.support.DefaultSingletonBeanRegistry.destroyBean(DefaultSingletonBeanRegistry.java:587) ~[spring-beans-6.1.15.jar:6.1.15]
	at org.springframework.beans.factory.support.DefaultSingletonBeanRegistry.destroySingleton(DefaultSingletonBeanRegistry.java:559) ~[spring-beans-6.1.15.jar:6.1.15]
	at org.springframework.beans.factory.support.DefaultListableBeanFactory.destroySingleton(DefaultListableBeanFactory.java:1202) ~[spring-beans-6.1.15.jar:6.1.15]
	at org.springframework.beans.factory.support.DefaultSingletonBeanRegistry.destroySingletons(DefaultSingletonBeanRegistry.java:520) ~[spring-beans-6.1.15.jar:6.1.15]
	at org.springframework.beans.factory.support.DefaultListableBeanFactory.destroySingletons(DefaultListableBeanFactory.java:1195) ~[spring-beans-6.1.15.jar:6.1.15]
	at org.springframework.context.support.AbstractApplicationContext.destroyBeans(AbstractApplicationContext.java:1195) ~[spring-context-6.1.15.jar:6.1.15]
	at org.springframework.context.support.AbstractApplicationContext.doClose(AbstractApplicationContext.java:1156) ~[spring-context-6.1.15.jar:6.1.15]
	at org.springframework.boot.web.servlet.context.ServletWebServerApplicationContext.doClose(ServletWebServerApplicationContext.java:174) ~[spring-boot-3.2.12.jar:3.2.12]
	at org.springframework.context.support.AbstractApplicationContext.close(AbstractApplicationContext.java:1102) ~[spring-context-6.1.15.jar:6.1.15]
	at org.springframework.boot.SpringApplicationShutdownHook.closeAndWait(SpringApplicationShutdownHook.java:145) ~[spring-boot-3.2.12.jar:3.2.12]
	at java.base/java.lang.Iterable.forEach(Iterable.java:75) ~[na:na]
	at org.springframework.boot.SpringApplicationShutdownHook.run(SpringApplicationShutdownHook.java:114) ~[spring-boot-3.2.12.jar:3.2.12]
	at java.base/java.lang.Thread.run(Thread.java:842) ~[na:na]

2026-01-05T11:51:39.551+05:30  INFO 21104 --- [market-search-service] [SpringApplicationShutdownHook] [                                                 ] com.netflix.discovery.DiscoveryClient    : Completed shut down of DiscoveryClient
